op,room_base,room_raw,stage,round,seq_in_room,sender,receiver,is_broadcast,bytes,participants_k
dkg,dkg_room_1768484516180-10749-1-1926227591,dkg_room_1768484516180-10749-1-1926227591,,1,1,2,1,1,14393,3
dkg,dkg_room_1768484516180-10749-1-1926227591,dkg_room_1768484516180-10749-1-1926227591,,1,1,2,3,1,14393,3
dkg,dkg_room_1768484516180-10749-1-1926227591,dkg_room_1768484516180-10749-1-1926227591,,1,2,1,2,1,14416,3
dkg,dkg_room_1768484516180-10749-1-1926227591,dkg_room_1768484516180-10749-1-1926227591,,1,2,1,3,1,14416,3
dkg,dkg_room_1768484516180-10749-1-1926227591,dkg_room_1768484516180-10749-1-1926227591,,1,3,3,1,1,14380,3
dkg,dkg_room_1768484516180-10749-1-1926227591,dkg_room_1768484516180-10749-1-1926227591,,1,3,3,2,1,14380,3
dkg,dkg_room_1768484516180-10749-1-1926227591,dkg_room_1768484516180-10749-1-1926227591,,1,4,2,1,1,331,3
dkg,dkg_room_1768484516180-10749-1-1926227591,dkg_room_1768484516180-10749-1-1926227591,,1,4,2,3,1,331,3
dkg,dkg_room_1768484516180-10749-1-1926227591,dkg_room_1768484516180-10749-1-1926227591,,1,5,1,2,1,332,3
dkg,dkg_room_1768484516180-10749-1-1926227591,dkg_room_1768484516180-10749-1-1926227591,,1,5,1,3,1,332,3
dkg,dkg_room_1768484516180-10749-1-1926227591,dkg_room_1768484516180-10749-1-1926227591,,1,6,3,1,1,329,3
dkg,dkg_room_1768484516180-10749-1-1926227591,dkg_room_1768484516180-10749-1-1926227591,,1,6,3,2,1,329,3
dkg,dkg_room_1768484516180-10749-1-1926227591,dkg_room_1768484516180-10749-1-1926227591,,2,7,1,2,0,545,3
dkg,dkg_room_1768484516180-10749-1-1926227591,dkg_room_1768484516180-10749-1-1926227591,,2,8,1,3,0,554,3
dkg,dkg_room_1768484516180-10749-1-1926227591,dkg_room_1768484516180-10749-1-1926227591,,2,9,2,1,0,552,3
dkg,dkg_room_1768484516180-10749-1-1926227591,dkg_room_1768484516180-10749-1-1926227591,,2,10,2,3,0,549,3
dkg,dkg_room_1768484516180-10749-1-1926227591,dkg_room_1768484516180-10749-1-1926227591,,2,11,3,1,0,559,3
dkg,dkg_room_1768484516180-10749-1-1926227591,dkg_room_1768484516180-10749-1-1926227591,,3,12,1,2,1,544,3
dkg,dkg_room_1768484516180-10749-1-1926227591,dkg_room_1768484516180-10749-1-1926227591,,3,12,1,3,1,544,3
dkg,dkg_room_1768484516180-10749-1-1926227591,dkg_room_1768484516180-10749-1-1926227591,,3,13,3,2,0,548,3
dkg,dkg_room_1768484516180-10749-1-1926227591,dkg_room_1768484516180-10749-1-1926227591,,4,14,2,1,1,534,3
dkg,dkg_room_1768484516180-10749-1-1926227591,dkg_room_1768484516180-10749-1-1926227591,,4,14,2,3,1,534,3
dkg,dkg_room_1768484516180-10749-1-1926227591,dkg_room_1768484516180-10749-1-1926227591,,4,15,3,1,1,540,3
dkg,dkg_room_1768484516180-10749-1-1926227591,dkg_room_1768484516180-10749-1-1926227591,,4,15,3,2,1,540,3
dkg,dkg_room_1768484516621-10749-2-92306800,dkg_room_1768484516621-10749-2-92306800,,1,1,2,1,1,14392,3
dkg,dkg_room_1768484516621-10749-2-92306800,dkg_room_1768484516621-10749-2-92306800,,1,1,2,3,1,14392,3
dkg,dkg_room_1768484516621-10749-2-92306800,dkg_room_1768484516621-10749-2-92306800,,1,2,1,2,1,14431,3
dkg,dkg_room_1768484516621-10749-2-92306800,dkg_room_1768484516621-10749-2-92306800,,1,2,1,3,1,14431,3
dkg,dkg_room_1768484516621-10749-2-92306800,dkg_room_1768484516621-10749-2-92306800,,1,3,3,1,1,14401,3
dkg,dkg_room_1768484516621-10749-2-92306800,dkg_room_1768484516621-10749-2-92306800,,1,3,3,2,1,14401,3
dkg,dkg_room_1768484516621-10749-2-92306800,dkg_room_1768484516621-10749-2-92306800,,2,4,3,1,1,337,3
dkg,dkg_room_1768484516621-10749-2-92306800,dkg_room_1768484516621-10749-2-92306800,,2,4,3,2,1,337,3
dkg,dkg_room_1768484516621-10749-2-92306800,dkg_room_1768484516621-10749-2-92306800,,2,5,2,1,1,329,3
dkg,dkg_room_1768484516621-10749-2-92306800,dkg_room_1768484516621-10749-2-92306800,,2,5,2,3,1,329,3
dkg,dkg_room_1768484516621-10749-2-92306800,dkg_room_1768484516621-10749-2-92306800,,2,6,1,2,1,332,3
dkg,dkg_room_1768484516621-10749-2-92306800,dkg_room_1768484516621-10749-2-92306800,,2,6,1,3,1,332,3
dkg,dkg_room_1768484516621-10749-2-92306800,dkg_room_1768484516621-10749-2-92306800,,3,7,3,1,0,558,3
dkg,dkg_room_1768484516621-10749-2-92306800,dkg_room_1768484516621-10749-2-92306800,,3,8,3,2,0,558,3
dkg,dkg_room_1768484516621-10749-2-92306800,dkg_room_1768484516621-10749-2-92306800,,3,9,2,1,0,548,3
dkg,dkg_room_1768484516621-10749-2-92306800,dkg_room_1768484516621-10749-2-92306800,,3,10,2,3,0,548,3
dkg,dkg_room_1768484516621-10749-2-92306800,dkg_room_1768484516621-10749-2-92306800,,3,11,1,2,0,548,3
dkg,dkg_room_1768484516621-10749-2-92306800,dkg_room_1768484516621-10749-2-92306800,,3,12,1,3,0,553,3
dkg,dkg_room_1768484516621-10749-2-92306800,dkg_room_1768484516621-10749-2-92306800,,4,13,2,1,1,542,3
dkg,dkg_room_1768484516621-10749-2-92306800,dkg_room_1768484516621-10749-2-92306800,,4,13,2,3,1,542,3
dkg,dkg_room_1768484516621-10749-2-92306800,dkg_room_1768484516621-10749-2-92306800,,4,14,3,1,1,536,3
dkg,dkg_room_1768484516621-10749-2-92306800,dkg_room_1768484516621-10749-2-92306800,,4,14,3,2,1,536,3
dkg,dkg_room_1768484516621-10749-2-92306800,dkg_room_1768484516621-10749-2-92306800,,4,15,1,2,1,538,3
dkg,dkg_room_1768484516621-10749-2-92306800,dkg_room_1768484516621-10749-2-92306800,,4,15,1,3,1,538,3
dkg,dkg_room_1768484517074-10749-3-2373417685,dkg_room_1768484517074-10749-3-2373417685,,1,1,3,1,1,14395,3
dkg,dkg_room_1768484517074-10749-3-2373417685,dkg_room_1768484517074-10749-3-2373417685,,1,1,3,2,1,14395,3
dkg,dkg_room_1768484517074-10749-3-2373417685,dkg_room_1768484517074-10749-3-2373417685,,1,2,2,1,1,14429,3
dkg,dkg_room_1768484517074-10749-3-2373417685,dkg_room_1768484517074-10749-3-2373417685,,1,2,2,3,1,14429,3
dkg,dkg_room_1768484517074-10749-3-2373417685,dkg_room_1768484517074-10749-3-2373417685,,1,3,1,2,1,14405,3
dkg,dkg_room_1768484517074-10749-3-2373417685,dkg_room_1768484517074-10749-3-2373417685,,1,3,1,3,1,14405,3
dkg,dkg_room_1768484517074-10749-3-2373417685,dkg_room_1768484517074-10749-3-2373417685,,2,4,2,1,1,329,3
dkg,dkg_room_1768484517074-10749-3-2373417685,dkg_room_1768484517074-10749-3-2373417685,,2,4,2,3,1,329,3
dkg,dkg_room_1768484517074-10749-3-2373417685,dkg_room_1768484517074-10749-3-2373417685,,2,5,3,1,1,333,3
dkg,dkg_room_1768484517074-10749-3-2373417685,dkg_room_1768484517074-10749-3-2373417685,,2,5,3,2,1,333,3
dkg,dkg_room_1768484517074-10749-3-2373417685,dkg_room_1768484517074-10749-3-2373417685,,2,6,1,2,1,339,3
dkg,dkg_room_1768484517074-10749-3-2373417685,dkg_room_1768484517074-10749-3-2373417685,,2,6,1,3,1,339,3
dkg,dkg_room_1768484517074-10749-3-2373417685,dkg_room_1768484517074-10749-3-2373417685,,3,7,3,1,0,555,3
dkg,dkg_room_1768484517074-10749-3-2373417685,dkg_room_1768484517074-10749-3-2373417685,,3,8,3,2,0,557,3
dkg,dkg_room_1768484517074-10749-3-2373417685,dkg_room_1768484517074-10749-3-2373417685,,3,9,2,1,0,555,3
dkg,dkg_room_1768484517074-10749-3-2373417685,dkg_room_1768484517074-10749-3-2373417685,,3,10,2,3,0,553,3
dkg,dkg_room_1768484517074-10749-3-2373417685,dkg_room_1768484517074-10749-3-2373417685,,3,11,1,2,0,551,3
dkg,dkg_room_1768484517074-10749-3-2373417685,dkg_room_1768484517074-10749-3-2373417685,,3,12,1,3,0,557,3
dkg,dkg_room_1768484517074-10749-3-2373417685,dkg_room_1768484517074-10749-3-2373417685,,4,13,2,1,1,537,3
dkg,dkg_room_1768484517074-10749-3-2373417685,dkg_room_1768484517074-10749-3-2373417685,,4,13,2,3,1,537,3
dkg,dkg_room_1768484517074-10749-3-2373417685,dkg_room_1768484517074-10749-3-2373417685,,4,14,3,1,1,540,3
dkg,dkg_room_1768484517074-10749-3-2373417685,dkg_room_1768484517074-10749-3-2373417685,,4,14,3,2,1,540,3
dkg,dkg_room_1768484517074-10749-3-2373417685,dkg_room_1768484517074-10749-3-2373417685,,4,15,1,2,1,546,3
dkg,dkg_room_1768484517074-10749-3-2373417685,dkg_room_1768484517074-10749-3-2373417685,,4,15,1,3,1,546,3
dkg,dkg_room_1768484517459-10749-4-2809310353,dkg_room_1768484517459-10749-4-2809310353,,1,1,2,1,1,14367,3
dkg,dkg_room_1768484517459-10749-4-2809310353,dkg_room_1768484517459-10749-4-2809310353,,1,1,2,3,1,14367,3
dkg,dkg_room_1768484517459-10749-4-2809310353,dkg_room_1768484517459-10749-4-2809310353,,1,2,3,1,1,14399,3
dkg,dkg_room_1768484517459-10749-4-2809310353,dkg_room_1768484517459-10749-4-2809310353,,1,2,3,2,1,14399,3
dkg,dkg_room_1768484517459-10749-4-2809310353,dkg_room_1768484517459-10749-4-2809310353,,1,3,1,2,1,14365,3
dkg,dkg_room_1768484517459-10749-4-2809310353,dkg_room_1768484517459-10749-4-2809310353,,1,3,1,3,1,14365,3
dkg,dkg_room_1768484517459-10749-4-2809310353,dkg_room_1768484517459-10749-4-2809310353,,2,4,3,1,1,330,3
dkg,dkg_room_1768484517459-10749-4-2809310353,dkg_room_1768484517459-10749-4-2809310353,,2,4,3,2,1,330,3
dkg,dkg_room_1768484517459-10749-4-2809310353,dkg_room_1768484517459-10749-4-2809310353,,2,5,2,1,1,334,3
dkg,dkg_room_1768484517459-10749-4-2809310353,dkg_room_1768484517459-10749-4-2809310353,,2,5,2,3,1,334,3
dkg,dkg_room_1768484517459-10749-4-2809310353,dkg_room_1768484517459-10749-4-2809310353,,2,6,1,2,1,333,3
dkg,dkg_room_1768484517459-10749-4-2809310353,dkg_room_1768484517459-10749-4-2809310353,,2,6,1,3,1,333,3
dkg,dkg_room_1768484517459-10749-4-2809310353,dkg_room_1768484517459-10749-4-2809310353,,3,7,3,1,0,551,3
dkg,dkg_room_1768484517459-10749-4-2809310353,dkg_room_1768484517459-10749-4-2809310353,,3,8,1,2,0,550,3
dkg,dkg_room_1768484517459-10749-4-2809310353,dkg_room_1768484517459-10749-4-2809310353,,3,9,2,1,0,555,3
dkg,dkg_room_1768484517459-10749-4-2809310353,dkg_room_1768484517459-10749-4-2809310353,,3,10,2,3,0,559,3
dkg,dkg_room_1768484517459-10749-4-2809310353,dkg_room_1768484517459-10749-4-2809310353,,3,11,1,3,0,549,3
dkg,dkg_room_1768484517459-10749-4-2809310353,dkg_room_1768484517459-10749-4-2809310353,,3,12,3,2,0,555,3
dkg,dkg_room_1768484517459-10749-4-2809310353,dkg_room_1768484517459-10749-4-2809310353,,4,13,3,1,1,529,3
dkg,dkg_room_1768484517459-10749-4-2809310353,dkg_room_1768484517459-10749-4-2809310353,,4,13,3,2,1,529,3
dkg,dkg_room_1768484517459-10749-4-2809310353,dkg_room_1768484517459-10749-4-2809310353,,4,14,1,2,1,538,3
dkg,dkg_room_1768484517459-10749-4-2809310353,dkg_room_1768484517459-10749-4-2809310353,,4,14,1,3,1,538,3
dkg,dkg_room_1768484517459-10749-4-2809310353,dkg_room_1768484517459-10749-4-2809310353,,4,15,2,1,1,550,3
dkg,dkg_room_1768484517459-10749-4-2809310353,dkg_room_1768484517459-10749-4-2809310353,,4,15,2,3,1,550,3
dkg,dkg_room_1768484517855-10749-5-2296016107,dkg_room_1768484517855-10749-5-2296016107,,1,1,1,2,1,14343,3
dkg,dkg_room_1768484517855-10749-5-2296016107,dkg_room_1768484517855-10749-5-2296016107,,1,1,1,3,1,14343,3
dkg,dkg_room_1768484517855-10749-5-2296016107,dkg_room_1768484517855-10749-5-2296016107,,1,2,3,1,1,14425,3
dkg,dkg_room_1768484517855-10749-5-2296016107,dkg_room_1768484517855-10749-5-2296016107,,1,2,3,2,1,14425,3
dkg,dkg_room_1768484517855-10749-5-2296016107,dkg_room_1768484517855-10749-5-2296016107,,1,3,2,1,1,14386,3
dkg,dkg_room_1768484517855-10749-5-2296016107,dkg_room_1768484517855-10749-5-2296016107,,1,3,2,3,1,14386,3
dkg,dkg_room_1768484517855-10749-5-2296016107,dkg_room_1768484517855-10749-5-2296016107,,2,4,1,2,1,328,3
dkg,dkg_room_1768484517855-10749-5-2296016107,dkg_room_1768484517855-10749-5-2296016107,,2,4,1,3,1,328,3
dkg,dkg_room_1768484517855-10749-5-2296016107,dkg_room_1768484517855-10749-5-2296016107,,2,5,3,1,1,334,3
dkg,dkg_room_1768484517855-10749-5-2296016107,dkg_room_1768484517855-10749-5-2296016107,,2,5,3,2,1,334,3
dkg,dkg_room_1768484517855-10749-5-2296016107,dkg_room_1768484517855-10749-5-2296016107,,2,6,2,1,1,338,3
dkg,dkg_room_1768484517855-10749-5-2296016107,dkg_room_1768484517855-10749-5-2296016107,,2,6,2,3,1,338,3
dkg,dkg_room_1768484517855-10749-5-2296016107,dkg_room_1768484517855-10749-5-2296016107,,3,7,3,1,0,550,3
dkg,dkg_room_1768484517855-10749-5-2296016107,dkg_room_1768484517855-10749-5-2296016107,,3,8,2,1,0,551,3
dkg,dkg_room_1768484517855-10749-5-2296016107,dkg_room_1768484517855-10749-5-2296016107,,3,9,3,2,0,548,3
dkg,dkg_room_1768484517855-10749-5-2296016107,dkg_room_1768484517855-10749-5-2296016107,,3,10,2,3,0,553,3
dkg,dkg_room_1768484517855-10749-5-2296016107,dkg_room_1768484517855-10749-5-2296016107,,3,11,1,2,0,549,3
dkg,dkg_room_1768484517855-10749-5-2296016107,dkg_room_1768484517855-10749-5-2296016107,,3,12,1,3,0,538,3
dkg,dkg_room_1768484517855-10749-5-2296016107,dkg_room_1768484517855-10749-5-2296016107,,4,13,2,1,1,538,3
dkg,dkg_room_1768484517855-10749-5-2296016107,dkg_room_1768484517855-10749-5-2296016107,,4,13,2,3,1,538,3
dkg,dkg_room_1768484517855-10749-5-2296016107,dkg_room_1768484517855-10749-5-2296016107,,4,14,3,1,1,544,3
dkg,dkg_room_1768484517855-10749-5-2296016107,dkg_room_1768484517855-10749-5-2296016107,,4,14,3,2,1,544,3
dkg,dkg_room_1768484517855-10749-5-2296016107,dkg_room_1768484517855-10749-5-2296016107,,4,15,1,2,1,539,3
dkg,dkg_room_1768484517855-10749-5-2296016107,dkg_room_1768484517855-10749-5-2296016107,,4,15,1,3,1,539,3
dkg,dkg_room_1768484518261-10749-6-268872890,dkg_room_1768484518261-10749-6-268872890,,1,1,3,1,1,14424,3
dkg,dkg_room_1768484518261-10749-6-268872890,dkg_room_1768484518261-10749-6-268872890,,1,1,3,2,1,14424,3
dkg,dkg_room_1768484518261-10749-6-268872890,dkg_room_1768484518261-10749-6-268872890,,1,2,2,1,1,14431,3
dkg,dkg_room_1768484518261-10749-6-268872890,dkg_room_1768484518261-10749-6-268872890,,1,2,2,3,1,14431,3
dkg,dkg_room_1768484518261-10749-6-268872890,dkg_room_1768484518261-10749-6-268872890,,1,3,1,2,1,14385,3
dkg,dkg_room_1768484518261-10749-6-268872890,dkg_room_1768484518261-10749-6-268872890,,1,3,1,3,1,14385,3
dkg,dkg_room_1768484518261-10749-6-268872890,dkg_room_1768484518261-10749-6-268872890,,2,4,2,1,1,330,3
dkg,dkg_room_1768484518261-10749-6-268872890,dkg_room_1768484518261-10749-6-268872890,,2,4,2,3,1,330,3
dkg,dkg_room_1768484518261-10749-6-268872890,dkg_room_1768484518261-10749-6-268872890,,2,5,3,1,1,334,3
dkg,dkg_room_1768484518261-10749-6-268872890,dkg_room_1768484518261-10749-6-268872890,,2,5,3,2,1,334,3
dkg,dkg_room_1768484518261-10749-6-268872890,dkg_room_1768484518261-10749-6-268872890,,2,6,1,2,1,332,3
dkg,dkg_room_1768484518261-10749-6-268872890,dkg_room_1768484518261-10749-6-268872890,,2,6,1,3,1,332,3
dkg,dkg_room_1768484518261-10749-6-268872890,dkg_room_1768484518261-10749-6-268872890,,3,7,1,2,0,550,3
dkg,dkg_room_1768484518261-10749-6-268872890,dkg_room_1768484518261-10749-6-268872890,,3,8,2,1,0,545,3
dkg,dkg_room_1768484518261-10749-6-268872890,dkg_room_1768484518261-10749-6-268872890,,3,9,1,3,0,547,3
dkg,dkg_room_1768484518261-10749-6-268872890,dkg_room_1768484518261-10749-6-268872890,,3,10,2,3,0,546,3
dkg,dkg_room_1768484518261-10749-6-268872890,dkg_room_1768484518261-10749-6-268872890,,3,11,3,1,0,547,3
dkg,dkg_room_1768484518261-10749-6-268872890,dkg_room_1768484518261-10749-6-268872890,,3,12,3,2,0,545,3
dkg,dkg_room_1768484518261-10749-6-268872890,dkg_room_1768484518261-10749-6-268872890,,4,13,2,1,1,534,3
dkg,dkg_room_1768484518261-10749-6-268872890,dkg_room_1768484518261-10749-6-268872890,,4,13,2,3,1,534,3
dkg,dkg_room_1768484518261-10749-6-268872890,dkg_room_1768484518261-10749-6-268872890,,4,14,3,1,1,544,3
dkg,dkg_room_1768484518261-10749-6-268872890,dkg_room_1768484518261-10749-6-268872890,,4,14,3,2,1,544,3
dkg,dkg_room_1768484518261-10749-6-268872890,dkg_room_1768484518261-10749-6-268872890,,4,15,1,2,1,541,3
dkg,dkg_room_1768484518261-10749-6-268872890,dkg_room_1768484518261-10749-6-268872890,,4,15,1,3,1,541,3
dkg,dkg_room_1768484518656-10749-7-3157714961,dkg_room_1768484518656-10749-7-3157714961,,1,1,2,1,1,14448,3
dkg,dkg_room_1768484518656-10749-7-3157714961,dkg_room_1768484518656-10749-7-3157714961,,1,1,2,3,1,14448,3
dkg,dkg_room_1768484518656-10749-7-3157714961,dkg_room_1768484518656-10749-7-3157714961,,1,2,3,1,1,14402,3
dkg,dkg_room_1768484518656-10749-7-3157714961,dkg_room_1768484518656-10749-7-3157714961,,1,2,3,2,1,14402,3
dkg,dkg_room_1768484518656-10749-7-3157714961,dkg_room_1768484518656-10749-7-3157714961,,1,3,1,2,1,14406,3
dkg,dkg_room_1768484518656-10749-7-3157714961,dkg_room_1768484518656-10749-7-3157714961,,1,3,1,3,1,14406,3
dkg,dkg_room_1768484518656-10749-7-3157714961,dkg_room_1768484518656-10749-7-3157714961,,2,4,2,1,1,334,3
dkg,dkg_room_1768484518656-10749-7-3157714961,dkg_room_1768484518656-10749-7-3157714961,,2,4,2,3,1,334,3
dkg,dkg_room_1768484518656-10749-7-3157714961,dkg_room_1768484518656-10749-7-3157714961,,2,5,3,1,1,331,3
dkg,dkg_room_1768484518656-10749-7-3157714961,dkg_room_1768484518656-10749-7-3157714961,,2,5,3,2,1,331,3
dkg,dkg_room_1768484518656-10749-7-3157714961,dkg_room_1768484518656-10749-7-3157714961,,2,6,1,2,1,331,3
dkg,dkg_room_1768484518656-10749-7-3157714961,dkg_room_1768484518656-10749-7-3157714961,,2,6,1,3,1,331,3
dkg,dkg_room_1768484518656-10749-7-3157714961,dkg_room_1768484518656-10749-7-3157714961,,3,7,3,1,0,555,3
dkg,dkg_room_1768484518656-10749-7-3157714961,dkg_room_1768484518656-10749-7-3157714961,,3,8,1,2,0,543,3
dkg,dkg_room_1768484518656-10749-7-3157714961,dkg_room_1768484518656-10749-7-3157714961,,3,9,3,2,0,555,3
dkg,dkg_room_1768484518656-10749-7-3157714961,dkg_room_1768484518656-10749-7-3157714961,,3,10,2,1,0,545,3
dkg,dkg_room_1768484518656-10749-7-3157714961,dkg_room_1768484518656-10749-7-3157714961,,3,11,1,3,0,541,3
dkg,dkg_room_1768484518656-10749-7-3157714961,dkg_room_1768484518656-10749-7-3157714961,,3,12,2,3,0,546,3
dkg,dkg_room_1768484518656-10749-7-3157714961,dkg_room_1768484518656-10749-7-3157714961,,4,13,1,2,1,549,3
dkg,dkg_room_1768484518656-10749-7-3157714961,dkg_room_1768484518656-10749-7-3157714961,,4,13,1,3,1,549,3
dkg,dkg_room_1768484518656-10749-7-3157714961,dkg_room_1768484518656-10749-7-3157714961,,4,14,3,1,1,540,3
dkg,dkg_room_1768484518656-10749-7-3157714961,dkg_room_1768484518656-10749-7-3157714961,,4,14,3,2,1,540,3
dkg,dkg_room_1768484518656-10749-7-3157714961,dkg_room_1768484518656-10749-7-3157714961,,4,15,2,1,1,539,3
dkg,dkg_room_1768484518656-10749-7-3157714961,dkg_room_1768484518656-10749-7-3157714961,,4,15,2,3,1,539,3
dkg,dkg_room_1768484519052-10749-8-2828928211,dkg_room_1768484519052-10749-8-2828928211,,1,1,1,2,1,14389,3
dkg,dkg_room_1768484519052-10749-8-2828928211,dkg_room_1768484519052-10749-8-2828928211,,1,1,1,3,1,14389,3
dkg,dkg_room_1768484519052-10749-8-2828928211,dkg_room_1768484519052-10749-8-2828928211,,1,2,3,1,1,14420,3
dkg,dkg_room_1768484519052-10749-8-2828928211,dkg_room_1768484519052-10749-8-2828928211,,1,2,3,2,1,14420,3
dkg,dkg_room_1768484519052-10749-8-2828928211,dkg_room_1768484519052-10749-8-2828928211,,1,3,2,1,1,14428,3
dkg,dkg_room_1768484519052-10749-8-2828928211,dkg_room_1768484519052-10749-8-2828928211,,1,3,2,3,1,14428,3
dkg,dkg_room_1768484519052-10749-8-2828928211,dkg_room_1768484519052-10749-8-2828928211,,2,4,1,2,1,328,3
dkg,dkg_room_1768484519052-10749-8-2828928211,dkg_room_1768484519052-10749-8-2828928211,,2,4,1,3,1,328,3
dkg,dkg_room_1768484519052-10749-8-2828928211,dkg_room_1768484519052-10749-8-2828928211,,2,5,3,1,1,339,3
dkg,dkg_room_1768484519052-10749-8-2828928211,dkg_room_1768484519052-10749-8-2828928211,,2,5,3,2,1,339,3
dkg,dkg_room_1768484519052-10749-8-2828928211,dkg_room_1768484519052-10749-8-2828928211,,2,6,2,1,1,335,3
dkg,dkg_room_1768484519052-10749-8-2828928211,dkg_room_1768484519052-10749-8-2828928211,,2,6,2,3,1,335,3
dkg,dkg_room_1768484519052-10749-8-2828928211,dkg_room_1768484519052-10749-8-2828928211,,3,7,2,1,0,549,3
dkg,dkg_room_1768484519052-10749-8-2828928211,dkg_room_1768484519052-10749-8-2828928211,,3,8,1,2,0,551,3
dkg,dkg_room_1768484519052-10749-8-2828928211,dkg_room_1768484519052-10749-8-2828928211,,3,9,2,3,0,548,3
dkg,dkg_room_1768484519052-10749-8-2828928211,dkg_room_1768484519052-10749-8-2828928211,,3,10,1,3,0,555,3
dkg,dkg_room_1768484519052-10749-8-2828928211,dkg_room_1768484519052-10749-8-2828928211,,3,11,3,1,0,557,3
dkg,dkg_room_1768484519052-10749-8-2828928211,dkg_room_1768484519052-10749-8-2828928211,,3,12,3,2,0,558,3
dkg,dkg_room_1768484519052-10749-8-2828928211,dkg_room_1768484519052-10749-8-2828928211,,4,13,1,2,1,542,3
dkg,dkg_room_1768484519052-10749-8-2828928211,dkg_room_1768484519052-10749-8-2828928211,,4,13,1,3,1,542,3
dkg,dkg_room_1768484519052-10749-8-2828928211,dkg_room_1768484519052-10749-8-2828928211,,4,14,2,1,1,538,3
dkg,dkg_room_1768484519052-10749-8-2828928211,dkg_room_1768484519052-10749-8-2828928211,,4,14,2,3,1,538,3
dkg,dkg_room_1768484519052-10749-8-2828928211,dkg_room_1768484519052-10749-8-2828928211,,4,15,3,1,1,541,3
dkg,dkg_room_1768484519052-10749-8-2828928211,dkg_room_1768484519052-10749-8-2828928211,,4,15,3,2,1,541,3
dkg,dkg_room_1768484519405-10749-9-209356944,dkg_room_1768484519405-10749-9-209356944,,1,1,1,2,1,14375,3
dkg,dkg_room_1768484519405-10749-9-209356944,dkg_room_1768484519405-10749-9-209356944,,1,1,1,3,1,14375,3
dkg,dkg_room_1768484519405-10749-9-209356944,dkg_room_1768484519405-10749-9-209356944,,1,2,3,1,1,14405,3
dkg,dkg_room_1768484519405-10749-9-209356944,dkg_room_1768484519405-10749-9-209356944,,1,2,3,2,1,14405,3
dkg,dkg_room_1768484519405-10749-9-209356944,dkg_room_1768484519405-10749-9-209356944,,1,3,2,1,1,14387,3
dkg,dkg_room_1768484519405-10749-9-209356944,dkg_room_1768484519405-10749-9-209356944,,1,3,2,3,1,14387,3
dkg,dkg_room_1768484519405-10749-9-209356944,dkg_room_1768484519405-10749-9-209356944,,2,4,3,1,1,333,3
dkg,dkg_room_1768484519405-10749-9-209356944,dkg_room_1768484519405-10749-9-209356944,,2,4,3,2,1,333,3
dkg,dkg_room_1768484519405-10749-9-209356944,dkg_room_1768484519405-10749-9-209356944,,2,5,1,2,1,337,3
dkg,dkg_room_1768484519405-10749-9-209356944,dkg_room_1768484519405-10749-9-209356944,,2,5,1,3,1,337,3
dkg,dkg_room_1768484519405-10749-9-209356944,dkg_room_1768484519405-10749-9-209356944,,2,6,2,1,1,333,3
dkg,dkg_room_1768484519405-10749-9-209356944,dkg_room_1768484519405-10749-9-209356944,,2,6,2,3,1,333,3
dkg,dkg_room_1768484519405-10749-9-209356944,dkg_room_1768484519405-10749-9-209356944,,3,7,3,1,0,545,3
dkg,dkg_room_1768484519405-10749-9-209356944,dkg_room_1768484519405-10749-9-209356944,,3,8,1,2,0,549,3
dkg,dkg_room_1768484519405-10749-9-209356944,dkg_room_1768484519405-10749-9-209356944,,3,9,3,2,0,545,3
dkg,dkg_room_1768484519405-10749-9-209356944,dkg_room_1768484519405-10749-9-209356944,,3,10,2,1,0,547,3
dkg,dkg_room_1768484519405-10749-9-209356944,dkg_room_1768484519405-10749-9-209356944,,3,11,1,3,0,553,3
dkg,dkg_room_1768484519405-10749-9-209356944,dkg_room_1768484519405-10749-9-209356944,,3,12,2,3,0,551,3
dkg,dkg_room_1768484519405-10749-9-209356944,dkg_room_1768484519405-10749-9-209356944,,4,13,2,1,1,534,3
dkg,dkg_room_1768484519405-10749-9-209356944,dkg_room_1768484519405-10749-9-209356944,,4,13,2,3,1,534,3
dkg,dkg_room_1768484519405-10749-9-209356944,dkg_room_1768484519405-10749-9-209356944,,4,14,1,2,1,550,3
dkg,dkg_room_1768484519405-10749-9-209356944,dkg_room_1768484519405-10749-9-209356944,,4,14,1,3,1,550,3
dkg,dkg_room_1768484519405-10749-9-209356944,dkg_room_1768484519405-10749-9-209356944,,4,15,3,1,1,541,3
dkg,dkg_room_1768484519405-10749-9-209356944,dkg_room_1768484519405-10749-9-209356944,,4,15,3,2,1,541,3
dkg,dkg_room_1768484519819-10749-10-234601939,dkg_room_1768484519819-10749-10-234601939,,1,1,2,1,1,14386,3
dkg,dkg_room_1768484519819-10749-10-234601939,dkg_room_1768484519819-10749-10-234601939,,1,1,2,3,1,14386,3
dkg,dkg_room_1768484519819-10749-10-234601939,dkg_room_1768484519819-10749-10-234601939,,1,2,1,2,1,14406,3
dkg,dkg_room_1768484519819-10749-10-234601939,dkg_room_1768484519819-10749-10-234601939,,1,2,1,3,1,14406,3
dkg,dkg_room_1768484519819-10749-10-234601939,dkg_room_1768484519819-10749-10-234601939,,1,3,3,1,1,14373,3
dkg,dkg_room_1768484519819-10749-10-234601939,dkg_room_1768484519819-10749-10-234601939,,1,3,3,2,1,14373,3
dkg,dkg_room_1768484519819-10749-10-234601939,dkg_room_1768484519819-10749-10-234601939,,2,4,1,2,1,333,3
dkg,dkg_room_1768484519819-10749-10-234601939,dkg_room_1768484519819-10749-10-234601939,,2,4,1,3,1,333,3
dkg,dkg_room_1768484519819-10749-10-234601939,dkg_room_1768484519819-10749-10-234601939,,2,5,2,1,1,331,3
dkg,dkg_room_1768484519819-10749-10-234601939,dkg_room_1768484519819-10749-10-234601939,,2,5,2,3,1,331,3
dkg,dkg_room_1768484519819-10749-10-234601939,dkg_room_1768484519819-10749-10-234601939,,2,6,3,1,1,337,3
dkg,dkg_room_1768484519819-10749-10-234601939,dkg_room_1768484519819-10749-10-234601939,,2,6,3,2,1,337,3
dkg,dkg_room_1768484519819-10749-10-234601939,dkg_room_1768484519819-10749-10-234601939,,3,7,1,2,0,551,3
dkg,dkg_room_1768484519819-10749-10-234601939,dkg_room_1768484519819-10749-10-234601939,,3,8,2,1,0,559,3
dkg,dkg_room_1768484519819-10749-10-234601939,dkg_room_1768484519819-10749-10-234601939,,3,9,1,3,0,552,3
dkg,dkg_room_1768484519819-10749-10-234601939,dkg_room_1768484519819-10749-10-234601939,,3,10,3,1,0,563,3
dkg,dkg_room_1768484519819-10749-10-234601939,dkg_room_1768484519819-10749-10-234601939,,3,11,2,3,0,563,3
dkg,dkg_room_1768484519819-10749-10-234601939,dkg_room_1768484519819-10749-10-234601939,,3,12,3,2,0,552,3
dkg,dkg_room_1768484519819-10749-10-234601939,dkg_room_1768484519819-10749-10-234601939,,4,13,1,2,1,544,3
dkg,dkg_room_1768484519819-10749-10-234601939,dkg_room_1768484519819-10749-10-234601939,,4,13,1,3,1,544,3
dkg,dkg_room_1768484519819-10749-10-234601939,dkg_room_1768484519819-10749-10-234601939,,4,14,2,1,1,542,3
dkg,dkg_room_1768484519819-10749-10-234601939,dkg_room_1768484519819-10749-10-234601939,,4,14,2,3,1,542,3
dkg,dkg_room_1768484519819-10749-10-234601939,dkg_room_1768484519819-10749-10-234601939,,4,15,3,1,1,545,3
dkg,dkg_room_1768484519819-10749-10-234601939,dkg_room_1768484519819-10749-10-234601939,,4,15,3,2,1,545,3
dkg,dkg_room_1768484520161-10749-11-3133713012,dkg_room_1768484520161-10749-11-3133713012,,1,1,1,2,1,14452,3
dkg,dkg_room_1768484520161-10749-11-3133713012,dkg_room_1768484520161-10749-11-3133713012,,1,1,1,3,1,14452,3
dkg,dkg_room_1768484520161-10749-11-3133713012,dkg_room_1768484520161-10749-11-3133713012,,1,2,3,1,1,14404,3
dkg,dkg_room_1768484520161-10749-11-3133713012,dkg_room_1768484520161-10749-11-3133713012,,1,2,3,2,1,14404,3
dkg,dkg_room_1768484520161-10749-11-3133713012,dkg_room_1768484520161-10749-11-3133713012,,1,3,2,1,1,14381,3
dkg,dkg_room_1768484520161-10749-11-3133713012,dkg_room_1768484520161-10749-11-3133713012,,1,3,2,3,1,14381,3
dkg,dkg_room_1768484520161-10749-11-3133713012,dkg_room_1768484520161-10749-11-3133713012,,2,4,3,1,1,335,3
dkg,dkg_room_1768484520161-10749-11-3133713012,dkg_room_1768484520161-10749-11-3133713012,,2,4,3,2,1,335,3
dkg,dkg_room_1768484520161-10749-11-3133713012,dkg_room_1768484520161-10749-11-3133713012,,2,5,1,2,1,336,3
dkg,dkg_room_1768484520161-10749-11-3133713012,dkg_room_1768484520161-10749-11-3133713012,,2,5,1,3,1,336,3
dkg,dkg_room_1768484520161-10749-11-3133713012,dkg_room_1768484520161-10749-11-3133713012,,2,6,2,1,1,336,3
dkg,dkg_room_1768484520161-10749-11-3133713012,dkg_room_1768484520161-10749-11-3133713012,,2,6,2,3,1,336,3
dkg,dkg_room_1768484520161-10749-11-3133713012,dkg_room_1768484520161-10749-11-3133713012,,3,7,2,1,0,547,3
dkg,dkg_room_1768484520161-10749-11-3133713012,dkg_room_1768484520161-10749-11-3133713012,,3,8,1,2,0,548,3
dkg,dkg_room_1768484520161-10749-11-3133713012,dkg_room_1768484520161-10749-11-3133713012,,3,9,2,3,0,545,3
dkg,dkg_room_1768484520161-10749-11-3133713012,dkg_room_1768484520161-10749-11-3133713012,,3,10,3,1,0,547,3
dkg,dkg_room_1768484520161-10749-11-3133713012,dkg_room_1768484520161-10749-11-3133713012,,3,11,1,3,0,555,3
dkg,dkg_room_1768484520161-10749-11-3133713012,dkg_room_1768484520161-10749-11-3133713012,,3,12,3,2,0,547,3
dkg,dkg_room_1768484520161-10749-11-3133713012,dkg_room_1768484520161-10749-11-3133713012,,4,13,2,1,1,543,3
dkg,dkg_room_1768484520161-10749-11-3133713012,dkg_room_1768484520161-10749-11-3133713012,,4,13,2,3,1,543,3
dkg,dkg_room_1768484520161-10749-11-3133713012,dkg_room_1768484520161-10749-11-3133713012,,4,14,1,2,1,546,3
dkg,dkg_room_1768484520161-10749-11-3133713012,dkg_room_1768484520161-10749-11-3133713012,,4,14,1,3,1,546,3
dkg,dkg_room_1768484520161-10749-11-3133713012,dkg_room_1768484520161-10749-11-3133713012,,4,15,3,1,1,548,3
dkg,dkg_room_1768484520161-10749-11-3133713012,dkg_room_1768484520161-10749-11-3133713012,,4,15,3,2,1,548,3
dkg,dkg_room_1768484520547-10749-12-2385322733,dkg_room_1768484520547-10749-12-2385322733,,1,1,3,1,1,14404,3
dkg,dkg_room_1768484520547-10749-12-2385322733,dkg_room_1768484520547-10749-12-2385322733,,1,1,3,2,1,14404,3
dkg,dkg_room_1768484520547-10749-12-2385322733,dkg_room_1768484520547-10749-12-2385322733,,1,2,1,2,1,14377,3
dkg,dkg_room_1768484520547-10749-12-2385322733,dkg_room_1768484520547-10749-12-2385322733,,1,2,1,3,1,14377,3
dkg,dkg_room_1768484520547-10749-12-2385322733,dkg_room_1768484520547-10749-12-2385322733,,1,3,2,1,1,14374,3
dkg,dkg_room_1768484520547-10749-12-2385322733,dkg_room_1768484520547-10749-12-2385322733,,1,3,2,3,1,14374,3
dkg,dkg_room_1768484520547-10749-12-2385322733,dkg_room_1768484520547-10749-12-2385322733,,2,4,3,1,1,334,3
dkg,dkg_room_1768484520547-10749-12-2385322733,dkg_room_1768484520547-10749-12-2385322733,,2,4,3,2,1,334,3
dkg,dkg_room_1768484520547-10749-12-2385322733,dkg_room_1768484520547-10749-12-2385322733,,2,5,1,2,1,334,3
dkg,dkg_room_1768484520547-10749-12-2385322733,dkg_room_1768484520547-10749-12-2385322733,,2,5,1,3,1,334,3
dkg,dkg_room_1768484520547-10749-12-2385322733,dkg_room_1768484520547-10749-12-2385322733,,2,6,2,1,1,331,3
dkg,dkg_room_1768484520547-10749-12-2385322733,dkg_room_1768484520547-10749-12-2385322733,,2,6,2,3,1,331,3
dkg,dkg_room_1768484520547-10749-12-2385322733,dkg_room_1768484520547-10749-12-2385322733,,3,7,1,2,0,552,3
dkg,dkg_room_1768484520547-10749-12-2385322733,dkg_room_1768484520547-10749-12-2385322733,,3,8,2,1,0,550,3
dkg,dkg_room_1768484520547-10749-12-2385322733,dkg_room_1768484520547-10749-12-2385322733,,3,9,1,3,0,551,3
dkg,dkg_room_1768484520547-10749-12-2385322733,dkg_room_1768484520547-10749-12-2385322733,,3,10,2,3,0,553,3
dkg,dkg_room_1768484520547-10749-12-2385322733,dkg_room_1768484520547-10749-12-2385322733,,3,11,3,1,0,548,3
dkg,dkg_room_1768484520547-10749-12-2385322733,dkg_room_1768484520547-10749-12-2385322733,,3,12,3,2,0,550,3
dkg,dkg_room_1768484520547-10749-12-2385322733,dkg_room_1768484520547-10749-12-2385322733,,4,13,1,2,1,543,3
dkg,dkg_room_1768484520547-10749-12-2385322733,dkg_room_1768484520547-10749-12-2385322733,,4,13,1,3,1,543,3
dkg,dkg_room_1768484520547-10749-12-2385322733,dkg_room_1768484520547-10749-12-2385322733,,4,14,2,1,1,550,3
dkg,dkg_room_1768484520547-10749-12-2385322733,dkg_room_1768484520547-10749-12-2385322733,,4,14,2,3,1,550,3
dkg,dkg_room_1768484520547-10749-12-2385322733,dkg_room_1768484520547-10749-12-2385322733,,4,15,3,1,1,541,3
dkg,dkg_room_1768484520547-10749-12-2385322733,dkg_room_1768484520547-10749-12-2385322733,,4,15,3,2,1,541,3
dkg,dkg_room_1768484520886-10749-13-140620550,dkg_room_1768484520886-10749-13-140620550,,1,1,2,1,1,14404,3
dkg,dkg_room_1768484520886-10749-13-140620550,dkg_room_1768484520886-10749-13-140620550,,1,1,2,3,1,14404,3
dkg,dkg_room_1768484520886-10749-13-140620550,dkg_room_1768484520886-10749-13-140620550,,1,2,1,2,1,14398,3
dkg,dkg_room_1768484520886-10749-13-140620550,dkg_room_1768484520886-10749-13-140620550,,1,2,1,3,1,14398,3
dkg,dkg_room_1768484520886-10749-13-140620550,dkg_room_1768484520886-10749-13-140620550,,1,3,3,1,1,14382,3
dkg,dkg_room_1768484520886-10749-13-140620550,dkg_room_1768484520886-10749-13-140620550,,1,3,3,2,1,14382,3
dkg,dkg_room_1768484520886-10749-13-140620550,dkg_room_1768484520886-10749-13-140620550,,2,4,1,2,1,327,3
dkg,dkg_room_1768484520886-10749-13-140620550,dkg_room_1768484520886-10749-13-140620550,,2,4,1,3,1,327,3
dkg,dkg_room_1768484520886-10749-13-140620550,dkg_room_1768484520886-10749-13-140620550,,2,5,2,1,1,333,3
dkg,dkg_room_1768484520886-10749-13-140620550,dkg_room_1768484520886-10749-13-140620550,,2,5,2,3,1,333,3
dkg,dkg_room_1768484520886-10749-13-140620550,dkg_room_1768484520886-10749-13-140620550,,2,6,3,1,1,338,3
dkg,dkg_room_1768484520886-10749-13-140620550,dkg_room_1768484520886-10749-13-140620550,,2,6,3,2,1,338,3
dkg,dkg_room_1768484520886-10749-13-140620550,dkg_room_1768484520886-10749-13-140620550,,3,7,3,1,0,555,3
dkg,dkg_room_1768484520886-10749-13-140620550,dkg_room_1768484520886-10749-13-140620550,,3,8,3,2,0,562,3
dkg,dkg_room_1768484520886-10749-13-140620550,dkg_room_1768484520886-10749-13-140620550,,3,9,1,2,0,550,3
dkg,dkg_room_1768484520886-10749-13-140620550,dkg_room_1768484520886-10749-13-140620550,,3,10,1,3,0,545,3
dkg,dkg_room_1768484520886-10749-13-140620550,dkg_room_1768484520886-10749-13-140620550,,3,11,2,1,0,562,3
dkg,dkg_room_1768484520886-10749-13-140620550,dkg_room_1768484520886-10749-13-140620550,,3,12,2,3,0,549,3
dkg,dkg_room_1768484520886-10749-13-140620550,dkg_room_1768484520886-10749-13-140620550,,4,13,1,2,1,542,3
dkg,dkg_room_1768484520886-10749-13-140620550,dkg_room_1768484520886-10749-13-140620550,,4,13,1,3,1,542,3
dkg,dkg_room_1768484520886-10749-13-140620550,dkg_room_1768484520886-10749-13-140620550,,4,14,3,1,1,539,3
dkg,dkg_room_1768484520886-10749-13-140620550,dkg_room_1768484520886-10749-13-140620550,,4,14,3,2,1,539,3
dkg,dkg_room_1768484520886-10749-13-140620550,dkg_room_1768484520886-10749-13-140620550,,4,15,2,1,1,534,3
dkg,dkg_room_1768484520886-10749-13-140620550,dkg_room_1768484520886-10749-13-140620550,,4,15,2,3,1,534,3
dkg,dkg_room_1768484521239-10749-14-2384226577,dkg_room_1768484521239-10749-14-2384226577,,1,1,2,1,1,14406,3
dkg,dkg_room_1768484521239-10749-14-2384226577,dkg_room_1768484521239-10749-14-2384226577,,1,1,2,3,1,14406,3
dkg,dkg_room_1768484521239-10749-14-2384226577,dkg_room_1768484521239-10749-14-2384226577,,1,2,3,1,1,14433,3
dkg,dkg_room_1768484521239-10749-14-2384226577,dkg_room_1768484521239-10749-14-2384226577,,1,2,3,2,1,14433,3
dkg,dkg_room_1768484521239-10749-14-2384226577,dkg_room_1768484521239-10749-14-2384226577,,1,3,1,2,1,14384,3
dkg,dkg_room_1768484521239-10749-14-2384226577,dkg_room_1768484521239-10749-14-2384226577,,1,3,1,3,1,14384,3
dkg,dkg_room_1768484521239-10749-14-2384226577,dkg_room_1768484521239-10749-14-2384226577,,2,4,2,1,1,338,3
dkg,dkg_room_1768484521239-10749-14-2384226577,dkg_room_1768484521239-10749-14-2384226577,,2,4,2,3,1,338,3
dkg,dkg_room_1768484521239-10749-14-2384226577,dkg_room_1768484521239-10749-14-2384226577,,2,5,3,1,1,332,3
dkg,dkg_room_1768484521239-10749-14-2384226577,dkg_room_1768484521239-10749-14-2384226577,,2,5,3,2,1,332,3
dkg,dkg_room_1768484521239-10749-14-2384226577,dkg_room_1768484521239-10749-14-2384226577,,2,6,1,2,1,334,3
dkg,dkg_room_1768484521239-10749-14-2384226577,dkg_room_1768484521239-10749-14-2384226577,,2,6,1,3,1,334,3
dkg,dkg_room_1768484521239-10749-14-2384226577,dkg_room_1768484521239-10749-14-2384226577,,3,7,2,1,0,556,3
dkg,dkg_room_1768484521239-10749-14-2384226577,dkg_room_1768484521239-10749-14-2384226577,,3,8,2,3,0,562,3
dkg,dkg_room_1768484521239-10749-14-2384226577,dkg_room_1768484521239-10749-14-2384226577,,3,9,3,1,0,555,3
dkg,dkg_room_1768484521239-10749-14-2384226577,dkg_room_1768484521239-10749-14-2384226577,,3,10,1,2,0,557,3
dkg,dkg_room_1768484521239-10749-14-2384226577,dkg_room_1768484521239-10749-14-2384226577,,3,11,3,2,0,559,3
dkg,dkg_room_1768484521239-10749-14-2384226577,dkg_room_1768484521239-10749-14-2384226577,,3,12,1,3,0,553,3
dkg,dkg_room_1768484521239-10749-14-2384226577,dkg_room_1768484521239-10749-14-2384226577,,4,13,2,1,1,540,3
dkg,dkg_room_1768484521239-10749-14-2384226577,dkg_room_1768484521239-10749-14-2384226577,,4,13,2,3,1,540,3
dkg,dkg_room_1768484521239-10749-14-2384226577,dkg_room_1768484521239-10749-14-2384226577,,4,14,3,1,1,538,3
dkg,dkg_room_1768484521239-10749-14-2384226577,dkg_room_1768484521239-10749-14-2384226577,,4,14,3,2,1,538,3
dkg,dkg_room_1768484521239-10749-14-2384226577,dkg_room_1768484521239-10749-14-2384226577,,4,15,1,2,1,555,3
dkg,dkg_room_1768484521239-10749-14-2384226577,dkg_room_1768484521239-10749-14-2384226577,,4,15,1,3,1,555,3
dkg,dkg_room_1768484521671-10749-15-1456412974,dkg_room_1768484521671-10749-15-1456412974,,1,1,3,1,1,14412,3
dkg,dkg_room_1768484521671-10749-15-1456412974,dkg_room_1768484521671-10749-15-1456412974,,1,1,3,2,1,14412,3
dkg,dkg_room_1768484521671-10749-15-1456412974,dkg_room_1768484521671-10749-15-1456412974,,1,2,2,1,1,14352,3
dkg,dkg_room_1768484521671-10749-15-1456412974,dkg_room_1768484521671-10749-15-1456412974,,1,2,2,3,1,14352,3
dkg,dkg_room_1768484521671-10749-15-1456412974,dkg_room_1768484521671-10749-15-1456412974,,1,3,1,2,1,14396,3
dkg,dkg_room_1768484521671-10749-15-1456412974,dkg_room_1768484521671-10749-15-1456412974,,1,3,1,3,1,14396,3
dkg,dkg_room_1768484521671-10749-15-1456412974,dkg_room_1768484521671-10749-15-1456412974,,2,4,2,1,1,327,3
dkg,dkg_room_1768484521671-10749-15-1456412974,dkg_room_1768484521671-10749-15-1456412974,,2,4,2,3,1,327,3
dkg,dkg_room_1768484521671-10749-15-1456412974,dkg_room_1768484521671-10749-15-1456412974,,2,5,3,1,1,335,3
dkg,dkg_room_1768484521671-10749-15-1456412974,dkg_room_1768484521671-10749-15-1456412974,,2,5,3,2,1,335,3
dkg,dkg_room_1768484521671-10749-15-1456412974,dkg_room_1768484521671-10749-15-1456412974,,2,6,1,2,1,335,3
dkg,dkg_room_1768484521671-10749-15-1456412974,dkg_room_1768484521671-10749-15-1456412974,,2,6,1,3,1,335,3
dkg,dkg_room_1768484521671-10749-15-1456412974,dkg_room_1768484521671-10749-15-1456412974,,3,7,3,1,0,548,3
dkg,dkg_room_1768484521671-10749-15-1456412974,dkg_room_1768484521671-10749-15-1456412974,,3,8,1,2,0,545,3
dkg,dkg_room_1768484521671-10749-15-1456412974,dkg_room_1768484521671-10749-15-1456412974,,3,9,1,3,0,551,3
dkg,dkg_room_1768484521671-10749-15-1456412974,dkg_room_1768484521671-10749-15-1456412974,,3,10,3,2,0,547,3
dkg,dkg_room_1768484521671-10749-15-1456412974,dkg_room_1768484521671-10749-15-1456412974,,3,11,2,1,0,560,3
dkg,dkg_room_1768484521671-10749-15-1456412974,dkg_room_1768484521671-10749-15-1456412974,,3,12,2,3,0,556,3
dkg,dkg_room_1768484521671-10749-15-1456412974,dkg_room_1768484521671-10749-15-1456412974,,4,13,1,2,1,540,3
dkg,dkg_room_1768484521671-10749-15-1456412974,dkg_room_1768484521671-10749-15-1456412974,,4,13,1,3,1,540,3
dkg,dkg_room_1768484521671-10749-15-1456412974,dkg_room_1768484521671-10749-15-1456412974,,4,14,3,1,1,539,3
dkg,dkg_room_1768484521671-10749-15-1456412974,dkg_room_1768484521671-10749-15-1456412974,,4,14,3,2,1,539,3
dkg,dkg_room_1768484521671-10749-15-1456412974,dkg_room_1768484521671-10749-15-1456412974,,4,15,2,1,1,527,3
dkg,dkg_room_1768484521671-10749-15-1456412974,dkg_room_1768484521671-10749-15-1456412974,,4,15,2,3,1,527,3
dkg,dkg_room_1768484521992-10749-16-3077613953,dkg_room_1768484521992-10749-16-3077613953,,1,1,2,1,1,14396,3
dkg,dkg_room_1768484521992-10749-16-3077613953,dkg_room_1768484521992-10749-16-3077613953,,1,1,2,3,1,14396,3
dkg,dkg_room_1768484521992-10749-16-3077613953,dkg_room_1768484521992-10749-16-3077613953,,1,2,3,1,1,14411,3
dkg,dkg_room_1768484521992-10749-16-3077613953,dkg_room_1768484521992-10749-16-3077613953,,1,2,3,2,1,14411,3
dkg,dkg_room_1768484521992-10749-16-3077613953,dkg_room_1768484521992-10749-16-3077613953,,1,3,1,2,1,14395,3
dkg,dkg_room_1768484521992-10749-16-3077613953,dkg_room_1768484521992-10749-16-3077613953,,1,3,1,3,1,14395,3
dkg,dkg_room_1768484521992-10749-16-3077613953,dkg_room_1768484521992-10749-16-3077613953,,2,4,2,1,1,340,3
dkg,dkg_room_1768484521992-10749-16-3077613953,dkg_room_1768484521992-10749-16-3077613953,,2,4,2,3,1,340,3
dkg,dkg_room_1768484521992-10749-16-3077613953,dkg_room_1768484521992-10749-16-3077613953,,2,5,3,1,1,333,3
dkg,dkg_room_1768484521992-10749-16-3077613953,dkg_room_1768484521992-10749-16-3077613953,,2,5,3,2,1,333,3
dkg,dkg_room_1768484521992-10749-16-3077613953,dkg_room_1768484521992-10749-16-3077613953,,2,6,1,2,1,331,3
dkg,dkg_room_1768484521992-10749-16-3077613953,dkg_room_1768484521992-10749-16-3077613953,,2,6,1,3,1,331,3
dkg,dkg_room_1768484521992-10749-16-3077613953,dkg_room_1768484521992-10749-16-3077613953,,3,7,3,1,0,554,3
dkg,dkg_room_1768484521992-10749-16-3077613953,dkg_room_1768484521992-10749-16-3077613953,,3,8,3,2,0,546,3
dkg,dkg_room_1768484521992-10749-16-3077613953,dkg_room_1768484521992-10749-16-3077613953,,3,9,2,1,0,559,3
dkg,dkg_room_1768484521992-10749-16-3077613953,dkg_room_1768484521992-10749-16-3077613953,,3,10,2,3,0,565,3
dkg,dkg_room_1768484521992-10749-16-3077613953,dkg_room_1768484521992-10749-16-3077613953,,3,11,1,2,0,553,3
dkg,dkg_room_1768484521992-10749-16-3077613953,dkg_room_1768484521992-10749-16-3077613953,,3,12,1,3,0,556,3
dkg,dkg_room_1768484521992-10749-16-3077613953,dkg_room_1768484521992-10749-16-3077613953,,4,13,2,1,1,548,3
dkg,dkg_room_1768484521992-10749-16-3077613953,dkg_room_1768484521992-10749-16-3077613953,,4,13,2,3,1,548,3
dkg,dkg_room_1768484521992-10749-16-3077613953,dkg_room_1768484521992-10749-16-3077613953,,4,14,3,1,1,549,3
dkg,dkg_room_1768484521992-10749-16-3077613953,dkg_room_1768484521992-10749-16-3077613953,,4,14,3,2,1,549,3
dkg,dkg_room_1768484521992-10749-16-3077613953,dkg_room_1768484521992-10749-16-3077613953,,4,15,1,2,1,531,3
dkg,dkg_room_1768484521992-10749-16-3077613953,dkg_room_1768484521992-10749-16-3077613953,,4,15,1,3,1,531,3
dkg,dkg_room_1768484522381-10749-17-56388695,dkg_room_1768484522381-10749-17-56388695,,1,1,3,1,1,14382,3
dkg,dkg_room_1768484522381-10749-17-56388695,dkg_room_1768484522381-10749-17-56388695,,1,1,3,2,1,14382,3
dkg,dkg_room_1768484522381-10749-17-56388695,dkg_room_1768484522381-10749-17-56388695,,1,2,1,2,1,14398,3
dkg,dkg_room_1768484522381-10749-17-56388695,dkg_room_1768484522381-10749-17-56388695,,1,2,1,3,1,14398,3
dkg,dkg_room_1768484522381-10749-17-56388695,dkg_room_1768484522381-10749-17-56388695,,1,3,2,1,1,14413,3
dkg,dkg_room_1768484522381-10749-17-56388695,dkg_room_1768484522381-10749-17-56388695,,1,3,2,3,1,14413,3
dkg,dkg_room_1768484522381-10749-17-56388695,dkg_room_1768484522381-10749-17-56388695,,2,4,3,1,1,335,3
dkg,dkg_room_1768484522381-10749-17-56388695,dkg_room_1768484522381-10749-17-56388695,,2,4,3,2,1,335,3
dkg,dkg_room_1768484522381-10749-17-56388695,dkg_room_1768484522381-10749-17-56388695,,2,5,1,2,1,334,3
dkg,dkg_room_1768484522381-10749-17-56388695,dkg_room_1768484522381-10749-17-56388695,,2,5,1,3,1,334,3
dkg,dkg_room_1768484522381-10749-17-56388695,dkg_room_1768484522381-10749-17-56388695,,2,6,2,1,1,343,3
dkg,dkg_room_1768484522381-10749-17-56388695,dkg_room_1768484522381-10749-17-56388695,,2,6,2,3,1,343,3
dkg,dkg_room_1768484522381-10749-17-56388695,dkg_room_1768484522381-10749-17-56388695,,3,7,3,1,0,549,3
dkg,dkg_room_1768484522381-10749-17-56388695,dkg_room_1768484522381-10749-17-56388695,,3,8,3,2,0,553,3
dkg,dkg_room_1768484522381-10749-17-56388695,dkg_room_1768484522381-10749-17-56388695,,3,9,2,1,0,567,3
dkg,dkg_room_1768484522381-10749-17-56388695,dkg_room_1768484522381-10749-17-56388695,,3,10,2,3,0,565,3
dkg,dkg_room_1768484522381-10749-17-56388695,dkg_room_1768484522381-10749-17-56388695,,3,11,1,2,0,553,3
dkg,dkg_room_1768484522381-10749-17-56388695,dkg_room_1768484522381-10749-17-56388695,,3,12,1,3,0,548,3
dkg,dkg_room_1768484522381-10749-17-56388695,dkg_room_1768484522381-10749-17-56388695,,4,13,2,1,1,542,3
dkg,dkg_room_1768484522381-10749-17-56388695,dkg_room_1768484522381-10749-17-56388695,,4,13,2,3,1,542,3
dkg,dkg_room_1768484522381-10749-17-56388695,dkg_room_1768484522381-10749-17-56388695,,4,14,3,1,1,539,3
dkg,dkg_room_1768484522381-10749-17-56388695,dkg_room_1768484522381-10749-17-56388695,,4,14,3,2,1,539,3
dkg,dkg_room_1768484522381-10749-17-56388695,dkg_room_1768484522381-10749-17-56388695,,4,15,1,2,1,541,3
dkg,dkg_room_1768484522381-10749-17-56388695,dkg_room_1768484522381-10749-17-56388695,,4,15,1,3,1,541,3
dkg,dkg_room_1768484522745-10749-18-2014720572,dkg_room_1768484522745-10749-18-2014720572,,1,1,2,1,1,14387,3
dkg,dkg_room_1768484522745-10749-18-2014720572,dkg_room_1768484522745-10749-18-2014720572,,1,1,2,3,1,14387,3
dkg,dkg_room_1768484522745-10749-18-2014720572,dkg_room_1768484522745-10749-18-2014720572,,1,2,1,2,1,14393,3
dkg,dkg_room_1768484522745-10749-18-2014720572,dkg_room_1768484522745-10749-18-2014720572,,1,2,1,3,1,14393,3
dkg,dkg_room_1768484522745-10749-18-2014720572,dkg_room_1768484522745-10749-18-2014720572,,1,3,3,1,1,14448,3
dkg,dkg_room_1768484522745-10749-18-2014720572,dkg_room_1768484522745-10749-18-2014720572,,1,3,3,2,1,14448,3
dkg,dkg_room_1768484522745-10749-18-2014720572,dkg_room_1768484522745-10749-18-2014720572,,2,4,3,1,1,332,3
dkg,dkg_room_1768484522745-10749-18-2014720572,dkg_room_1768484522745-10749-18-2014720572,,2,4,3,2,1,332,3
dkg,dkg_room_1768484522745-10749-18-2014720572,dkg_room_1768484522745-10749-18-2014720572,,2,5,1,2,1,336,3
dkg,dkg_room_1768484522745-10749-18-2014720572,dkg_room_1768484522745-10749-18-2014720572,,2,5,1,3,1,336,3
dkg,dkg_room_1768484522745-10749-18-2014720572,dkg_room_1768484522745-10749-18-2014720572,,2,6,2,1,1,332,3
dkg,dkg_room_1768484522745-10749-18-2014720572,dkg_room_1768484522745-10749-18-2014720572,,2,6,2,3,1,332,3
dkg,dkg_room_1768484522745-10749-18-2014720572,dkg_room_1768484522745-10749-18-2014720572,,3,7,2,1,0,556,3
dkg,dkg_room_1768484522745-10749-18-2014720572,dkg_room_1768484522745-10749-18-2014720572,,3,8,2,3,0,555,3
dkg,dkg_room_1768484522745-10749-18-2014720572,dkg_room_1768484522745-10749-18-2014720572,,3,9,3,1,0,551,3
dkg,dkg_room_1768484522745-10749-18-2014720572,dkg_room_1768484522745-10749-18-2014720572,,3,10,3,2,0,557,3
dkg,dkg_room_1768484522745-10749-18-2014720572,dkg_room_1768484522745-10749-18-2014720572,,3,11,1,2,0,555,3
dkg,dkg_room_1768484522745-10749-18-2014720572,dkg_room_1768484522745-10749-18-2014720572,,3,12,1,3,0,555,3
dkg,dkg_room_1768484522745-10749-18-2014720572,dkg_room_1768484522745-10749-18-2014720572,,4,13,2,1,1,538,3
dkg,dkg_room_1768484522745-10749-18-2014720572,dkg_room_1768484522745-10749-18-2014720572,,4,13,2,3,1,538,3
dkg,dkg_room_1768484522745-10749-18-2014720572,dkg_room_1768484522745-10749-18-2014720572,,4,14,3,1,1,533,3
dkg,dkg_room_1768484522745-10749-18-2014720572,dkg_room_1768484522745-10749-18-2014720572,,4,14,3,2,1,533,3
dkg,dkg_room_1768484522745-10749-18-2014720572,dkg_room_1768484522745-10749-18-2014720572,,4,15,1,2,1,547,3
dkg,dkg_room_1768484522745-10749-18-2014720572,dkg_room_1768484522745-10749-18-2014720572,,4,15,1,3,1,547,3
dkg,dkg_room_1768484523137-10749-19-2862429965,dkg_room_1768484523137-10749-19-2862429965,,1,1,3,1,1,14416,3
dkg,dkg_room_1768484523137-10749-19-2862429965,dkg_room_1768484523137-10749-19-2862429965,,1,1,3,2,1,14416,3
dkg,dkg_room_1768484523137-10749-19-2862429965,dkg_room_1768484523137-10749-19-2862429965,,1,2,2,1,1,14427,3
dkg,dkg_room_1768484523137-10749-19-2862429965,dkg_room_1768484523137-10749-19-2862429965,,1,2,2,3,1,14427,3
dkg,dkg_room_1768484523137-10749-19-2862429965,dkg_room_1768484523137-10749-19-2862429965,,1,3,1,2,1,14417,3
dkg,dkg_room_1768484523137-10749-19-2862429965,dkg_room_1768484523137-10749-19-2862429965,,1,3,1,3,1,14417,3
dkg,dkg_room_1768484523137-10749-19-2862429965,dkg_room_1768484523137-10749-19-2862429965,,2,4,2,1,1,329,3
dkg,dkg_room_1768484523137-10749-19-2862429965,dkg_room_1768484523137-10749-19-2862429965,,2,4,2,3,1,329,3
dkg,dkg_room_1768484523137-10749-19-2862429965,dkg_room_1768484523137-10749-19-2862429965,,2,5,3,1,1,335,3
dkg,dkg_room_1768484523137-10749-19-2862429965,dkg_room_1768484523137-10749-19-2862429965,,2,5,3,2,1,335,3
dkg,dkg_room_1768484523137-10749-19-2862429965,dkg_room_1768484523137-10749-19-2862429965,,2,6,1,2,1,334,3
dkg,dkg_room_1768484523137-10749-19-2862429965,dkg_room_1768484523137-10749-19-2862429965,,2,6,1,3,1,334,3
dkg,dkg_room_1768484523137-10749-19-2862429965,dkg_room_1768484523137-10749-19-2862429965,,3,7,3,1,0,556,3
dkg,dkg_room_1768484523137-10749-19-2862429965,dkg_room_1768484523137-10749-19-2862429965,,3,8,3,2,0,556,3
dkg,dkg_room_1768484523137-10749-19-2862429965,dkg_room_1768484523137-10749-19-2862429965,,3,9,1,2,0,554,3
dkg,dkg_room_1768484523137-10749-19-2862429965,dkg_room_1768484523137-10749-19-2862429965,,3,10,1,3,0,556,3
dkg,dkg_room_1768484523137-10749-19-2862429965,dkg_room_1768484523137-10749-19-2862429965,,3,11,2,1,0,551,3
dkg,dkg_room_1768484523137-10749-19-2862429965,dkg_room_1768484523137-10749-19-2862429965,,3,12,2,3,0,552,3
dkg,dkg_room_1768484523137-10749-19-2862429965,dkg_room_1768484523137-10749-19-2862429965,,4,13,1,2,1,541,3
dkg,dkg_room_1768484523137-10749-19-2862429965,dkg_room_1768484523137-10749-19-2862429965,,4,13,1,3,1,541,3
dkg,dkg_room_1768484523137-10749-19-2862429965,dkg_room_1768484523137-10749-19-2862429965,,4,14,3,1,1,552,3
dkg,dkg_room_1768484523137-10749-19-2862429965,dkg_room_1768484523137-10749-19-2862429965,,4,14,3,2,1,552,3
dkg,dkg_room_1768484523137-10749-19-2862429965,dkg_room_1768484523137-10749-19-2862429965,,4,15,2,1,1,547,3
dkg,dkg_room_1768484523137-10749-19-2862429965,dkg_room_1768484523137-10749-19-2862429965,,4,15,2,3,1,547,3
dkg,dkg_room_1768484523504-10749-20-1715216120,dkg_room_1768484523504-10749-20-1715216120,,1,1,1,2,1,14402,3
dkg,dkg_room_1768484523504-10749-20-1715216120,dkg_room_1768484523504-10749-20-1715216120,,1,1,1,3,1,14402,3
dkg,dkg_room_1768484523504-10749-20-1715216120,dkg_room_1768484523504-10749-20-1715216120,,1,2,3,1,1,14417,3
dkg,dkg_room_1768484523504-10749-20-1715216120,dkg_room_1768484523504-10749-20-1715216120,,1,2,3,2,1,14417,3
dkg,dkg_room_1768484523504-10749-20-1715216120,dkg_room_1768484523504-10749-20-1715216120,,1,3,2,1,1,14395,3
dkg,dkg_room_1768484523504-10749-20-1715216120,dkg_room_1768484523504-10749-20-1715216120,,1,3,2,3,1,14395,3
dkg,dkg_room_1768484523504-10749-20-1715216120,dkg_room_1768484523504-10749-20-1715216120,,2,4,3,1,1,333,3
dkg,dkg_room_1768484523504-10749-20-1715216120,dkg_room_1768484523504-10749-20-1715216120,,2,4,3,2,1,333,3
dkg,dkg_room_1768484523504-10749-20-1715216120,dkg_room_1768484523504-10749-20-1715216120,,2,5,2,1,1,331,3
dkg,dkg_room_1768484523504-10749-20-1715216120,dkg_room_1768484523504-10749-20-1715216120,,2,5,2,3,1,331,3
dkg,dkg_room_1768484523504-10749-20-1715216120,dkg_room_1768484523504-10749-20-1715216120,,2,6,1,2,1,327,3
dkg,dkg_room_1768484523504-10749-20-1715216120,dkg_room_1768484523504-10749-20-1715216120,,2,6,1,3,1,327,3
dkg,dkg_room_1768484523504-10749-20-1715216120,dkg_room_1768484523504-10749-20-1715216120,,3,7,1,2,0,546,3
dkg,dkg_room_1768484523504-10749-20-1715216120,dkg_room_1768484523504-10749-20-1715216120,,3,8,1,3,0,546,3
dkg,dkg_room_1768484523504-10749-20-1715216120,dkg_room_1768484523504-10749-20-1715216120,,3,9,3,1,0,551,3
dkg,dkg_room_1768484523504-10749-20-1715216120,dkg_room_1768484523504-10749-20-1715216120,,3,10,3,2,0,548,3
dkg,dkg_room_1768484523504-10749-20-1715216120,dkg_room_1768484523504-10749-20-1715216120,,3,11,2,1,0,553,3
dkg,dkg_room_1768484523504-10749-20-1715216120,dkg_room_1768484523504-10749-20-1715216120,,3,12,2,3,0,556,3
dkg,dkg_room_1768484523504-10749-20-1715216120,dkg_room_1768484523504-10749-20-1715216120,,4,13,1,2,1,545,3
dkg,dkg_room_1768484523504-10749-20-1715216120,dkg_room_1768484523504-10749-20-1715216120,,4,13,1,3,1,545,3
dkg,dkg_room_1768484523504-10749-20-1715216120,dkg_room_1768484523504-10749-20-1715216120,,4,14,3,1,1,544,3
dkg,dkg_room_1768484523504-10749-20-1715216120,dkg_room_1768484523504-10749-20-1715216120,,4,14,3,2,1,544,3
dkg,dkg_room_1768484523504-10749-20-1715216120,dkg_room_1768484523504-10749-20-1715216120,,4,15,2,1,1,542,3
dkg,dkg_room_1768484523504-10749-20-1715216120,dkg_room_1768484523504-10749-20-1715216120,,4,15,2,3,1,542,3
sign,signing_room_1768484538805-11470-1-122222128,signing_room_1768484538805-11470-1-122222128-offline,offline,1,1,2,1,1,12705,2
sign,signing_room_1768484538805-11470-1-122222128,signing_room_1768484538805-11470-1-122222128-offline,offline,1,2,1,2,1,12729,2
sign,signing_room_1768484538805-11470-1-122222128,signing_room_1768484538805-11470-1-122222128-offline,offline,2,3,2,1,0,5741,2
sign,signing_room_1768484538805-11470-1-122222128,signing_room_1768484538805-11470-1-122222128-offline,offline,2,4,1,2,0,5737,2
sign,signing_room_1768484538805-11470-1-122222128,signing_room_1768484538805-11470-1-122222128-offline,offline,3,5,2,1,1,1271,2
sign,signing_room_1768484538805-11470-1-122222128,signing_room_1768484538805-11470-1-122222128-offline,offline,3,6,1,2,1,1244,2
sign,signing_room_1768484538805-11470-1-122222128,signing_room_1768484538805-11470-1-122222128-offline,offline,4,7,1,2,1,332,2
sign,signing_room_1768484538805-11470-1-122222128,signing_room_1768484538805-11470-1-122222128-offline,offline,5,8,2,1,1,339,2
sign,signing_room_1768484538805-11470-1-122222128,signing_room_1768484538805-11470-1-122222128-offline,offline,5,9,1,2,1,6543,2
sign,signing_room_1768484538805-11470-1-122222128,signing_room_1768484538805-11470-1-122222128-offline,offline,6,10,2,1,1,6573,2
sign,signing_room_1768484538805-11470-1-122222128,signing_room_1768484538805-11470-1-122222128-offline,offline,6,11,2,1,1,805,2
sign,signing_room_1768484538805-11470-1-122222128,signing_room_1768484538805-11470-1-122222128-offline,offline,7,12,1,2,1,786,2
sign,signing_room_1768484538805-11470-1-122222128,signing_room_1768484538805-11470-1-122222128-online,online,1,1,1,2,1,181,2
sign,signing_room_1768484538805-11470-1-122222128,signing_room_1768484538805-11470-1-122222128-online,online,4,2,2,1,1,186,2
sign,signing_room_1768484539202-11470-2-259198090,signing_room_1768484539202-11470-2-259198090-offline,offline,1,1,2,1,1,12761,2
sign,signing_room_1768484539202-11470-2-259198090,signing_room_1768484539202-11470-2-259198090-offline,offline,1,2,1,2,1,12741,2
sign,signing_room_1768484539202-11470-2-259198090,signing_room_1768484539202-11470-2-259198090-offline,offline,2,3,1,2,0,5763,2
sign,signing_room_1768484539202-11470-2-259198090,signing_room_1768484539202-11470-2-259198090-offline,offline,2,4,2,1,0,5761,2
sign,signing_room_1768484539202-11470-2-259198090,signing_room_1768484539202-11470-2-259198090-offline,offline,3,5,1,2,1,1251,2
sign,signing_room_1768484539202-11470-2-259198090,signing_room_1768484539202-11470-2-259198090-offline,offline,3,6,2,1,1,1259,2
sign,signing_room_1768484539202-11470-2-259198090,signing_room_1768484539202-11470-2-259198090-offline,offline,4,7,2,1,1,335,2
sign,signing_room_1768484539202-11470-2-259198090,signing_room_1768484539202-11470-2-259198090-offline,offline,5,8,1,2,1,334,2
sign,signing_room_1768484539202-11470-2-259198090,signing_room_1768484539202-11470-2-259198090-offline,offline,5,9,1,2,1,6553,2
sign,signing_room_1768484539202-11470-2-259198090,signing_room_1768484539202-11470-2-259198090-offline,offline,6,10,2,1,1,6557,2
sign,signing_room_1768484539202-11470-2-259198090,signing_room_1768484539202-11470-2-259198090-offline,offline,6,11,2,1,1,798,2
sign,signing_room_1768484539202-11470-2-259198090,signing_room_1768484539202-11470-2-259198090-offline,offline,7,12,1,2,1,799,2
sign,signing_room_1768484539202-11470-2-259198090,signing_room_1768484539202-11470-2-259198090-online,online,1,1,2,1,1,182,2
sign,signing_room_1768484539202-11470-2-259198090,signing_room_1768484539202-11470-2-259198090-online,online,4,2,1,2,1,176,2
sign,signing_room_1768484539600-11470-3-303525803,signing_room_1768484539600-11470-3-303525803-offline,offline,1,1,1,2,1,12736,2
sign,signing_room_1768484539600-11470-3-303525803,signing_room_1768484539600-11470-3-303525803-offline,offline,1,2,2,1,1,12736,2
sign,signing_room_1768484539600-11470-3-303525803,signing_room_1768484539600-11470-3-303525803-offline,offline,2,3,2,1,0,5777,2
sign,signing_room_1768484539600-11470-3-303525803,signing_room_1768484539600-11470-3-303525803-offline,offline,2,4,1,2,0,5685,2
sign,signing_room_1768484539600-11470-3-303525803,signing_room_1768484539600-11470-3-303525803-offline,offline,3,5,1,2,1,1254,2
sign,signing_room_1768484539600-11470-3-303525803,signing_room_1768484539600-11470-3-303525803-offline,offline,3,6,2,1,1,1244,2
sign,signing_room_1768484539600-11470-3-303525803,signing_room_1768484539600-11470-3-303525803-offline,offline,4,7,2,1,1,347,2
sign,signing_room_1768484539600-11470-3-303525803,signing_room_1768484539600-11470-3-303525803-offline,offline,5,8,1,2,1,329,2
sign,signing_room_1768484539600-11470-3-303525803,signing_room_1768484539600-11470-3-303525803-offline,offline,5,9,2,1,1,6571,2
sign,signing_room_1768484539600-11470-3-303525803,signing_room_1768484539600-11470-3-303525803-offline,offline,6,10,1,2,1,6542,2
sign,signing_room_1768484539600-11470-3-303525803,signing_room_1768484539600-11470-3-303525803-offline,offline,6,11,1,2,1,811,2
sign,signing_room_1768484539600-11470-3-303525803,signing_room_1768484539600-11470-3-303525803-offline,offline,7,12,2,1,1,804,2
sign,signing_room_1768484539600-11470-3-303525803,signing_room_1768484539600-11470-3-303525803-online,online,1,1,2,1,1,176,2
sign,signing_room_1768484539600-11470-3-303525803,signing_room_1768484539600-11470-3-303525803-online,online,4,2,1,2,1,179,2
sign,signing_room_1768484539992-11470-4-194486548,signing_room_1768484539992-11470-4-194486548-offline,offline,1,1,2,1,1,12737,2
sign,signing_room_1768484539992-11470-4-194486548,signing_room_1768484539992-11470-4-194486548-offline,offline,1,2,1,2,1,12697,2
sign,signing_room_1768484539992-11470-4-194486548,signing_room_1768484539992-11470-4-194486548-offline,offline,2,3,1,2,0,5698,2
sign,signing_room_1768484539992-11470-4-194486548,signing_room_1768484539992-11470-4-194486548-offline,offline,2,4,2,1,0,5736,2
sign,signing_room_1768484539992-11470-4-194486548,signing_room_1768484539992-11470-4-194486548-offline,offline,3,5,1,2,1,1270,2
sign,signing_room_1768484539992-11470-4-194486548,signing_room_1768484539992-11470-4-194486548-offline,offline,3,6,2,1,1,1238,2
sign,signing_room_1768484539992-11470-4-194486548,signing_room_1768484539992-11470-4-194486548-offline,offline,4,7,2,1,1,325,2
sign,signing_room_1768484539992-11470-4-194486548,signing_room_1768484539992-11470-4-194486548-offline,offline,5,8,1,2,1,340,2
sign,signing_room_1768484539992-11470-4-194486548,signing_room_1768484539992-11470-4-194486548-offline,offline,5,9,2,1,1,6577,2
sign,signing_room_1768484539992-11470-4-194486548,signing_room_1768484539992-11470-4-194486548-offline,offline,6,10,1,2,1,6550,2
sign,signing_room_1768484539992-11470-4-194486548,signing_room_1768484539992-11470-4-194486548-offline,offline,6,11,2,1,1,814,2
sign,signing_room_1768484539992-11470-4-194486548,signing_room_1768484539992-11470-4-194486548-offline,offline,7,12,1,2,1,804,2
sign,signing_room_1768484539992-11470-4-194486548,signing_room_1768484539992-11470-4-194486548-online,online,1,1,2,1,1,184,2
sign,signing_room_1768484539992-11470-4-194486548,signing_room_1768484539992-11470-4-194486548-online,online,4,2,1,2,1,181,2
sign,signing_room_1768484540387-11470-5-1970512245,signing_room_1768484540387-11470-5-1970512245-offline,offline,1,1,2,1,1,12776,2
sign,signing_room_1768484540387-11470-5-1970512245,signing_room_1768484540387-11470-5-1970512245-offline,offline,1,2,1,2,1,12735,2
sign,signing_room_1768484540387-11470-5-1970512245,signing_room_1768484540387-11470-5-1970512245-offline,offline,2,3,1,2,0,5777,2
sign,signing_room_1768484540387-11470-5-1970512245,signing_room_1768484540387-11470-5-1970512245-offline,offline,2,4,2,1,0,5706,2
sign,signing_room_1768484540387-11470-5-1970512245,signing_room_1768484540387-11470-5-1970512245-offline,offline,3,5,2,1,1,1256,2
sign,signing_room_1768484540387-11470-5-1970512245,signing_room_1768484540387-11470-5-1970512245-offline,offline,3,6,1,2,1,1247,2
sign,signing_room_1768484540387-11470-5-1970512245,signing_room_1768484540387-11470-5-1970512245-offline,offline,4,7,1,2,1,341,2
sign,signing_room_1768484540387-11470-5-1970512245,signing_room_1768484540387-11470-5-1970512245-offline,offline,5,8,2,1,1,336,2
sign,signing_room_1768484540387-11470-5-1970512245,signing_room_1768484540387-11470-5-1970512245-offline,offline,5,9,1,2,1,6535,2
sign,signing_room_1768484540387-11470-5-1970512245,signing_room_1768484540387-11470-5-1970512245-offline,offline,6,10,2,1,1,6577,2
sign,signing_room_1768484540387-11470-5-1970512245,signing_room_1768484540387-11470-5-1970512245-offline,offline,6,11,1,2,1,811,2
sign,signing_room_1768484540387-11470-5-1970512245,signing_room_1768484540387-11470-5-1970512245-offline,offline,7,12,2,1,1,803,2
sign,signing_room_1768484540387-11470-5-1970512245,signing_room_1768484540387-11470-5-1970512245-online,online,1,1,2,1,1,187,2
sign,signing_room_1768484540387-11470-5-1970512245,signing_room_1768484540387-11470-5-1970512245-online,online,4,2,1,2,1,179,2
sign,signing_room_1768484540794-11470-6-298189759,signing_room_1768484540794-11470-6-298189759-offline,offline,1,1,2,1,1,12772,2
sign,signing_room_1768484540794-11470-6-298189759,signing_room_1768484540794-11470-6-298189759-offline,offline,1,2,1,2,1,12778,2
sign,signing_room_1768484540794-11470-6-298189759,signing_room_1768484540794-11470-6-298189759-offline,offline,2,3,2,1,0,5735,2
sign,signing_room_1768484540794-11470-6-298189759,signing_room_1768484540794-11470-6-298189759-offline,offline,2,4,1,2,0,5772,2
sign,signing_room_1768484540794-11470-6-298189759,signing_room_1768484540794-11470-6-298189759-offline,offline,3,5,1,2,1,1259,2
sign,signing_room_1768484540794-11470-6-298189759,signing_room_1768484540794-11470-6-298189759-offline,offline,3,6,2,1,1,1259,2
sign,signing_room_1768484540794-11470-6-298189759,signing_room_1768484540794-11470-6-298189759-offline,offline,4,7,2,1,1,320,2
sign,signing_room_1768484540794-11470-6-298189759,signing_room_1768484540794-11470-6-298189759-offline,offline,5,8,1,2,1,335,2
sign,signing_room_1768484540794-11470-6-298189759,signing_room_1768484540794-11470-6-298189759-offline,offline,5,9,1,2,1,6587,2
sign,signing_room_1768484540794-11470-6-298189759,signing_room_1768484540794-11470-6-298189759-offline,offline,6,10,2,1,1,6541,2
sign,signing_room_1768484540794-11470-6-298189759,signing_room_1768484540794-11470-6-298189759-offline,offline,6,11,1,2,1,807,2
sign,signing_room_1768484540794-11470-6-298189759,signing_room_1768484540794-11470-6-298189759-offline,offline,7,12,2,1,1,809,2
sign,signing_room_1768484540794-11470-6-298189759,signing_room_1768484540794-11470-6-298189759-online,online,1,1,2,1,1,180,2
sign,signing_room_1768484540794-11470-6-298189759,signing_room_1768484540794-11470-6-298189759-online,online,4,2,1,2,1,186,2
sign,signing_room_1768484541190-11470-7-1784418833,signing_room_1768484541190-11470-7-1784418833-offline,offline,1,1,1,2,1,12737,2
sign,signing_room_1768484541190-11470-7-1784418833,signing_room_1768484541190-11470-7-1784418833-offline,offline,1,2,2,1,1,12749,2
sign,signing_room_1768484541190-11470-7-1784418833,signing_room_1768484541190-11470-7-1784418833-offline,offline,2,3,2,1,0,5747,2
sign,signing_room_1768484541190-11470-7-1784418833,signing_room_1768484541190-11470-7-1784418833-offline,offline,2,4,1,2,0,5755,2
sign,signing_room_1768484541190-11470-7-1784418833,signing_room_1768484541190-11470-7-1784418833-offline,offline,3,5,1,2,1,1241,2
sign,signing_room_1768484541190-11470-7-1784418833,signing_room_1768484541190-11470-7-1784418833-offline,offline,3,6,2,1,1,1276,2
sign,signing_room_1768484541190-11470-7-1784418833,signing_room_1768484541190-11470-7-1784418833-offline,offline,4,7,2,1,1,341,2
sign,signing_room_1768484541190-11470-7-1784418833,signing_room_1768484541190-11470-7-1784418833-offline,offline,5,8,1,2,1,334,2
sign,signing_room_1768484541190-11470-7-1784418833,signing_room_1768484541190-11470-7-1784418833-offline,offline,5,9,1,2,1,6546,2
sign,signing_room_1768484541190-11470-7-1784418833,signing_room_1768484541190-11470-7-1784418833-offline,offline,6,10,2,1,1,6522,2
sign,signing_room_1768484541190-11470-7-1784418833,signing_room_1768484541190-11470-7-1784418833-offline,offline,6,11,2,1,1,808,2
sign,signing_room_1768484541190-11470-7-1784418833,signing_room_1768484541190-11470-7-1784418833-offline,offline,7,12,1,2,1,813,2
sign,signing_room_1768484541190-11470-7-1784418833,signing_room_1768484541190-11470-7-1784418833-online,online,1,1,1,2,1,180,2
sign,signing_room_1768484541190-11470-7-1784418833,signing_room_1768484541190-11470-7-1784418833-online,online,4,2,2,1,1,180,2
sign,signing_room_1768484541592-11470-8-1173417987,signing_room_1768484541592-11470-8-1173417987-offline,offline,1,1,1,2,1,12795,2
sign,signing_room_1768484541592-11470-8-1173417987,signing_room_1768484541592-11470-8-1173417987-offline,offline,1,2,2,1,1,12708,2
sign,signing_room_1768484541592-11470-8-1173417987,signing_room_1768484541592-11470-8-1173417987-offline,offline,2,3,1,2,0,5733,2
sign,signing_room_1768484541592-11470-8-1173417987,signing_room_1768484541592-11470-8-1173417987-offline,offline,2,4,2,1,0,5740,2
sign,signing_room_1768484541592-11470-8-1173417987,signing_room_1768484541592-11470-8-1173417987-offline,offline,3,5,1,2,1,1269,2
sign,signing_room_1768484541592-11470-8-1173417987,signing_room_1768484541592-11470-8-1173417987-offline,offline,3,6,2,1,1,1250,2
sign,signing_room_1768484541592-11470-8-1173417987,signing_room_1768484541592-11470-8-1173417987-offline,offline,4,7,1,2,1,337,2
sign,signing_room_1768484541592-11470-8-1173417987,signing_room_1768484541592-11470-8-1173417987-offline,offline,5,8,2,1,1,343,2
sign,signing_room_1768484541592-11470-8-1173417987,signing_room_1768484541592-11470-8-1173417987-offline,offline,5,9,2,1,1,6549,2
sign,signing_room_1768484541592-11470-8-1173417987,signing_room_1768484541592-11470-8-1173417987-offline,offline,6,10,1,2,1,6569,2
sign,signing_room_1768484541592-11470-8-1173417987,signing_room_1768484541592-11470-8-1173417987-offline,offline,6,11,1,2,1,791,2
sign,signing_room_1768484541592-11470-8-1173417987,signing_room_1768484541592-11470-8-1173417987-offline,offline,7,12,2,1,1,811,2
sign,signing_room_1768484541592-11470-8-1173417987,signing_room_1768484541592-11470-8-1173417987-online,online,1,1,1,2,1,180,2
sign,signing_room_1768484541592-11470-8-1173417987,signing_room_1768484541592-11470-8-1173417987-online,online,4,2,2,1,1,181,2
sign,signing_room_1768484541985-11470-9-553418153,signing_room_1768484541985-11470-9-553418153-offline,offline,1,1,2,1,1,12694,2
sign,signing_room_1768484541985-11470-9-553418153,signing_room_1768484541985-11470-9-553418153-offline,offline,1,2,1,2,1,12705,2
sign,signing_room_1768484541985-11470-9-553418153,signing_room_1768484541985-11470-9-553418153-offline,offline,2,3,2,1,0,5760,2
sign,signing_room_1768484541985-11470-9-553418153,signing_room_1768484541985-11470-9-553418153-offline,offline,2,4,1,2,0,5757,2
sign,signing_room_1768484541985-11470-9-553418153,signing_room_1768484541985-11470-9-553418153-offline,offline,3,5,2,1,1,1257,2
sign,signing_room_1768484541985-11470-9-553418153,signing_room_1768484541985-11470-9-553418153-offline,offline,3,6,1,2,1,1248,2
sign,signing_room_1768484541985-11470-9-553418153,signing_room_1768484541985-11470-9-553418153-offline,offline,4,7,1,2,1,338,2
sign,signing_room_1768484541985-11470-9-553418153,signing_room_1768484541985-11470-9-553418153-offline,offline,5,8,2,1,1,331,2
sign,signing_room_1768484541985-11470-9-553418153,signing_room_1768484541985-11470-9-553418153-offline,offline,5,9,1,2,1,6554,2
sign,signing_room_1768484541985-11470-9-553418153,signing_room_1768484541985-11470-9-553418153-offline,offline,6,10,2,1,1,6576,2
sign,signing_room_1768484541985-11470-9-553418153,signing_room_1768484541985-11470-9-553418153-offline,offline,6,11,2,1,1,811,2
sign,signing_room_1768484541985-11470-9-553418153,signing_room_1768484541985-11470-9-553418153-offline,offline,7,12,1,2,1,801,2
sign,signing_room_1768484541985-11470-9-553418153,signing_room_1768484541985-11470-9-553418153-online,online,1,1,2,1,1,189,2
sign,signing_room_1768484541985-11470-9-553418153,signing_room_1768484541985-11470-9-553418153-online,online,4,2,1,2,1,182,2
sign,signing_room_1768484542386-11470-10-56654420,signing_room_1768484542386-11470-10-56654420-offline,offline,1,1,2,1,1,12679,2
sign,signing_room_1768484542386-11470-10-56654420,signing_room_1768484542386-11470-10-56654420-offline,offline,1,2,1,2,1,12724,2
sign,signing_room_1768484542386-11470-10-56654420,signing_room_1768484542386-11470-10-56654420-offline,offline,2,3,1,2,0,5752,2
sign,signing_room_1768484542386-11470-10-56654420,signing_room_1768484542386-11470-10-56654420-offline,offline,2,4,2,1,0,5763,2
sign,signing_room_1768484542386-11470-10-56654420,signing_room_1768484542386-11470-10-56654420-offline,offline,3,5,1,2,1,1256,2
sign,signing_room_1768484542386-11470-10-56654420,signing_room_1768484542386-11470-10-56654420-offline,offline,3,6,2,1,1,1262,2
sign,signing_room_1768484542386-11470-10-56654420,signing_room_1768484542386-11470-10-56654420-offline,offline,4,7,1,2,1,338,2
sign,signing_room_1768484542386-11470-10-56654420,signing_room_1768484542386-11470-10-56654420-offline,offline,5,8,2,1,1,334,2
sign,signing_room_1768484542386-11470-10-56654420,signing_room_1768484542386-11470-10-56654420-offline,offline,5,9,1,2,1,6552,2
sign,signing_room_1768484542386-11470-10-56654420,signing_room_1768484542386-11470-10-56654420-offline,offline,6,10,2,1,1,6602,2
sign,signing_room_1768484542386-11470-10-56654420,signing_room_1768484542386-11470-10-56654420-offline,offline,6,11,2,1,1,795,2
sign,signing_room_1768484542386-11470-10-56654420,signing_room_1768484542386-11470-10-56654420-offline,offline,7,12,1,2,1,799,2
sign,signing_room_1768484542386-11470-10-56654420,signing_room_1768484542386-11470-10-56654420-online,online,1,1,2,1,1,184,2
sign,signing_room_1768484542386-11470-10-56654420,signing_room_1768484542386-11470-10-56654420-online,online,4,2,1,2,1,186,2
sign,signing_room_1768484542798-11470-11-1522229094,signing_room_1768484542798-11470-11-1522229094-offline,offline,1,1,2,1,1,12734,2
sign,signing_room_1768484542798-11470-11-1522229094,signing_room_1768484542798-11470-11-1522229094-offline,offline,1,2,1,2,1,12735,2
sign,signing_room_1768484542798-11470-11-1522229094,signing_room_1768484542798-11470-11-1522229094-offline,offline,2,3,1,2,0,5772,2
sign,signing_room_1768484542798-11470-11-1522229094,signing_room_1768484542798-11470-11-1522229094-offline,offline,2,4,2,1,0,5699,2
sign,signing_room_1768484542798-11470-11-1522229094,signing_room_1768484542798-11470-11-1522229094-offline,offline,3,5,1,2,1,1260,2
sign,signing_room_1768484542798-11470-11-1522229094,signing_room_1768484542798-11470-11-1522229094-offline,offline,3,6,2,1,1,1278,2
sign,signing_room_1768484542798-11470-11-1522229094,signing_room_1768484542798-11470-11-1522229094-offline,offline,4,7,1,2,1,336,2
sign,signing_room_1768484542798-11470-11-1522229094,signing_room_1768484542798-11470-11-1522229094-offline,offline,5,8,2,1,1,333,2
sign,signing_room_1768484542798-11470-11-1522229094,signing_room_1768484542798-11470-11-1522229094-offline,offline,5,9,1,2,1,6494,2
sign,signing_room_1768484542798-11470-11-1522229094,signing_room_1768484542798-11470-11-1522229094-offline,offline,6,10,2,1,1,6540,2
sign,signing_room_1768484542798-11470-11-1522229094,signing_room_1768484542798-11470-11-1522229094-offline,offline,6,11,2,1,1,784,2
sign,signing_room_1768484542798-11470-11-1522229094,signing_room_1768484542798-11470-11-1522229094-offline,offline,7,12,1,2,1,802,2
sign,signing_room_1768484542798-11470-11-1522229094,signing_room_1768484542798-11470-11-1522229094-online,online,1,1,1,2,1,186,2
sign,signing_room_1768484542798-11470-11-1522229094,signing_room_1768484542798-11470-11-1522229094-online,online,4,2,2,1,1,178,2
sign,signing_room_1768484543198-11470-12-733510648,signing_room_1768484543198-11470-12-733510648-offline,offline,1,1,1,2,1,12692,2
sign,signing_room_1768484543198-11470-12-733510648,signing_room_1768484543198-11470-12-733510648-offline,offline,1,2,2,1,1,12759,2
sign,signing_room_1768484543198-11470-12-733510648,signing_room_1768484543198-11470-12-733510648-offline,offline,2,3,1,2,0,5758,2
sign,signing_room_1768484543198-11470-12-733510648,signing_room_1768484543198-11470-12-733510648-offline,offline,2,4,2,1,0,5749,2
sign,signing_room_1768484543198-11470-12-733510648,signing_room_1768484543198-11470-12-733510648-offline,offline,3,5,1,2,1,1278,2
sign,signing_room_1768484543198-11470-12-733510648,signing_room_1768484543198-11470-12-733510648-offline,offline,3,6,2,1,1,1281,2
sign,signing_room_1768484543198-11470-12-733510648,signing_room_1768484543198-11470-12-733510648-offline,offline,4,7,1,2,1,330,2
sign,signing_room_1768484543198-11470-12-733510648,signing_room_1768484543198-11470-12-733510648-offline,offline,5,8,2,1,1,338,2
sign,signing_room_1768484543198-11470-12-733510648,signing_room_1768484543198-11470-12-733510648-offline,offline,5,9,2,1,1,6564,2
sign,signing_room_1768484543198-11470-12-733510648,signing_room_1768484543198-11470-12-733510648-offline,offline,6,10,1,2,1,6568,2
sign,signing_room_1768484543198-11470-12-733510648,signing_room_1768484543198-11470-12-733510648-offline,offline,6,11,1,2,1,805,2
sign,signing_room_1768484543198-11470-12-733510648,signing_room_1768484543198-11470-12-733510648-offline,offline,7,12,2,1,1,811,2
sign,signing_room_1768484543198-11470-12-733510648,signing_room_1768484543198-11470-12-733510648-online,online,1,1,1,2,1,184,2
sign,signing_room_1768484543198-11470-12-733510648,signing_room_1768484543198-11470-12-733510648-online,online,4,2,2,1,1,180,2
sign,signing_room_1768484543600-11470-13-307278573,signing_room_1768484543600-11470-13-307278573-offline,offline,1,1,2,1,1,12775,2
sign,signing_room_1768484543600-11470-13-307278573,signing_room_1768484543600-11470-13-307278573-offline,offline,1,2,1,2,1,12725,2
sign,signing_room_1768484543600-11470-13-307278573,signing_room_1768484543600-11470-13-307278573-offline,offline,2,3,1,2,0,5776,2
sign,signing_room_1768484543600-11470-13-307278573,signing_room_1768484543600-11470-13-307278573-offline,offline,2,4,2,1,0,5761,2
sign,signing_room_1768484543600-11470-13-307278573,signing_room_1768484543600-11470-13-307278573-offline,offline,3,5,2,1,1,1263,2
sign,signing_room_1768484543600-11470-13-307278573,signing_room_1768484543600-11470-13-307278573-offline,offline,3,6,1,2,1,1259,2
sign,signing_room_1768484543600-11470-13-307278573,signing_room_1768484543600-11470-13-307278573-offline,offline,4,7,2,1,1,337,2
sign,signing_room_1768484543600-11470-13-307278573,signing_room_1768484543600-11470-13-307278573-offline,offline,5,8,1,2,1,342,2
sign,signing_room_1768484543600-11470-13-307278573,signing_room_1768484543600-11470-13-307278573-offline,offline,5,9,2,1,1,6588,2
sign,signing_room_1768484543600-11470-13-307278573,signing_room_1768484543600-11470-13-307278573-offline,offline,6,10,1,2,1,6565,2
sign,signing_room_1768484543600-11470-13-307278573,signing_room_1768484543600-11470-13-307278573-offline,offline,6,11,1,2,1,811,2
sign,signing_room_1768484543600-11470-13-307278573,signing_room_1768484543600-11470-13-307278573-offline,offline,7,12,2,1,1,801,2
sign,signing_room_1768484543600-11470-13-307278573,signing_room_1768484543600-11470-13-307278573-online,online,1,1,1,2,1,183,2
sign,signing_room_1768484543600-11470-13-307278573,signing_room_1768484543600-11470-13-307278573-online,online,4,2,2,1,1,181,2
sign,signing_room_1768484544004-11470-14-274845783,signing_room_1768484544004-11470-14-274845783-offline,offline,1,1,1,2,1,12767,2
sign,signing_room_1768484544004-11470-14-274845783,signing_room_1768484544004-11470-14-274845783-offline,offline,1,2,2,1,1,12812,2
sign,signing_room_1768484544004-11470-14-274845783,signing_room_1768484544004-11470-14-274845783-offline,offline,2,3,2,1,0,5767,2
sign,signing_room_1768484544004-11470-14-274845783,signing_room_1768484544004-11470-14-274845783-offline,offline,2,4,1,2,0,5756,2
sign,signing_room_1768484544004-11470-14-274845783,signing_room_1768484544004-11470-14-274845783-offline,offline,3,5,1,2,1,1263,2
sign,signing_room_1768484544004-11470-14-274845783,signing_room_1768484544004-11470-14-274845783-offline,offline,3,6,2,1,1,1274,2
sign,signing_room_1768484544004-11470-14-274845783,signing_room_1768484544004-11470-14-274845783-offline,offline,4,7,1,2,1,327,2
sign,signing_room_1768484544004-11470-14-274845783,signing_room_1768484544004-11470-14-274845783-offline,offline,5,8,2,1,1,330,2
sign,signing_room_1768484544004-11470-14-274845783,signing_room_1768484544004-11470-14-274845783-offline,offline,5,9,1,2,1,6576,2
sign,signing_room_1768484544004-11470-14-274845783,signing_room_1768484544004-11470-14-274845783-offline,offline,6,10,2,1,1,6597,2
sign,signing_room_1768484544004-11470-14-274845783,signing_room_1768484544004-11470-14-274845783-offline,offline,6,11,2,1,1,813,2
sign,signing_room_1768484544004-11470-14-274845783,signing_room_1768484544004-11470-14-274845783-offline,offline,7,12,1,2,1,814,2
sign,signing_room_1768484544004-11470-14-274845783,signing_room_1768484544004-11470-14-274845783-online,online,1,1,2,1,1,184,2
sign,signing_room_1768484544004-11470-14-274845783,signing_room_1768484544004-11470-14-274845783-online,online,4,2,1,2,1,179,2
sign,signing_room_1768484544406-11470-15-306935833,signing_room_1768484544406-11470-15-306935833-offline,offline,1,1,2,1,1,12760,2
sign,signing_room_1768484544406-11470-15-306935833,signing_room_1768484544406-11470-15-306935833-offline,offline,1,2,1,2,1,12753,2
sign,signing_room_1768484544406-11470-15-306935833,signing_room_1768484544406-11470-15-306935833-offline,offline,2,3,1,2,0,5758,2
sign,signing_room_1768484544406-11470-15-306935833,signing_room_1768484544406-11470-15-306935833-offline,offline,2,4,2,1,0,5735,2
sign,signing_room_1768484544406-11470-15-306935833,signing_room_1768484544406-11470-15-306935833-offline,offline,3,5,2,1,1,1249,2
sign,signing_room_1768484544406-11470-15-306935833,signing_room_1768484544406-11470-15-306935833-offline,offline,3,6,1,2,1,1254,2
sign,signing_room_1768484544406-11470-15-306935833,signing_room_1768484544406-11470-15-306935833-offline,offline,4,7,1,2,1,337,2
sign,signing_room_1768484544406-11470-15-306935833,signing_room_1768484544406-11470-15-306935833-offline,offline,5,8,2,1,1,335,2
sign,signing_room_1768484544406-11470-15-306935833,signing_room_1768484544406-11470-15-306935833-offline,offline,5,9,1,2,1,6522,2
sign,signing_room_1768484544406-11470-15-306935833,signing_room_1768484544406-11470-15-306935833-offline,offline,6,10,2,1,1,6567,2
sign,signing_room_1768484544406-11470-15-306935833,signing_room_1768484544406-11470-15-306935833-offline,offline,6,11,2,1,1,814,2
sign,signing_room_1768484544406-11470-15-306935833,signing_room_1768484544406-11470-15-306935833-offline,offline,7,12,1,2,1,800,2
sign,signing_room_1768484544406-11470-15-306935833,signing_room_1768484544406-11470-15-306935833-online,online,1,1,1,2,1,181,2
sign,signing_room_1768484544406-11470-15-306935833,signing_room_1768484544406-11470-15-306935833-online,online,4,2,2,1,1,178,2
sign,signing_room_1768484544802-11470-16-1333128384,signing_room_1768484544802-11470-16-1333128384-offline,offline,1,1,2,1,1,12737,2
sign,signing_room_1768484544802-11470-16-1333128384,signing_room_1768484544802-11470-16-1333128384-offline,offline,1,2,1,2,1,12744,2
sign,signing_room_1768484544802-11470-16-1333128384,signing_room_1768484544802-11470-16-1333128384-offline,offline,2,3,2,1,0,5754,2
sign,signing_room_1768484544802-11470-16-1333128384,signing_room_1768484544802-11470-16-1333128384-offline,offline,2,4,1,2,0,5745,2
sign,signing_room_1768484544802-11470-16-1333128384,signing_room_1768484544802-11470-16-1333128384-offline,offline,3,5,2,1,1,1268,2
sign,signing_room_1768484544802-11470-16-1333128384,signing_room_1768484544802-11470-16-1333128384-offline,offline,3,6,1,2,1,1251,2
sign,signing_room_1768484544802-11470-16-1333128384,signing_room_1768484544802-11470-16-1333128384-offline,offline,4,7,2,1,1,338,2
sign,signing_room_1768484544802-11470-16-1333128384,signing_room_1768484544802-11470-16-1333128384-offline,offline,5,8,1,2,1,332,2
sign,signing_room_1768484544802-11470-16-1333128384,signing_room_1768484544802-11470-16-1333128384-offline,offline,5,9,1,2,1,6561,2
sign,signing_room_1768484544802-11470-16-1333128384,signing_room_1768484544802-11470-16-1333128384-offline,offline,6,10,2,1,1,6581,2
sign,signing_room_1768484544802-11470-16-1333128384,signing_room_1768484544802-11470-16-1333128384-offline,offline,6,11,2,1,1,807,2
sign,signing_room_1768484544802-11470-16-1333128384,signing_room_1768484544802-11470-16-1333128384-offline,offline,7,12,1,2,1,804,2
sign,signing_room_1768484544802-11470-16-1333128384,signing_room_1768484544802-11470-16-1333128384-online,online,1,1,2,1,1,184,2
sign,signing_room_1768484544802-11470-16-1333128384,signing_room_1768484544802-11470-16-1333128384-online,online,4,2,1,2,1,184,2
sign,signing_room_1768484545203-11470-17-2631310891,signing_room_1768484545203-11470-17-2631310891-offline,offline,1,1,2,1,1,12728,2
sign,signing_room_1768484545203-11470-17-2631310891,signing_room_1768484545203-11470-17-2631310891-offline,offline,1,2,1,2,1,12787,2
sign,signing_room_1768484545203-11470-17-2631310891,signing_room_1768484545203-11470-17-2631310891-offline,offline,2,3,1,2,0,5746,2
sign,signing_room_1768484545203-11470-17-2631310891,signing_room_1768484545203-11470-17-2631310891-offline,offline,2,4,2,1,0,5763,2
sign,signing_room_1768484545203-11470-17-2631310891,signing_room_1768484545203-11470-17-2631310891-offline,offline,3,5,1,2,1,1260,2
sign,signing_room_1768484545203-11470-17-2631310891,signing_room_1768484545203-11470-17-2631310891-offline,offline,3,6,2,1,1,1268,2
sign,signing_room_1768484545203-11470-17-2631310891,signing_room_1768484545203-11470-17-2631310891-offline,offline,4,7,1,2,1,337,2
sign,signing_room_1768484545203-11470-17-2631310891,signing_room_1768484545203-11470-17-2631310891-offline,offline,5,8,2,1,1,337,2
sign,signing_room_1768484545203-11470-17-2631310891,signing_room_1768484545203-11470-17-2631310891-offline,offline,5,9,1,2,1,6557,2
sign,signing_room_1768484545203-11470-17-2631310891,signing_room_1768484545203-11470-17-2631310891-offline,offline,6,10,2,1,1,6528,2
sign,signing_room_1768484545203-11470-17-2631310891,signing_room_1768484545203-11470-17-2631310891-offline,offline,6,11,1,2,1,799,2
sign,signing_room_1768484545203-11470-17-2631310891,signing_room_1768484545203-11470-17-2631310891-offline,offline,7,12,2,1,1,806,2
sign,signing_room_1768484545203-11470-17-2631310891,signing_room_1768484545203-11470-17-2631310891-online,online,1,1,1,2,1,181,2
sign,signing_room_1768484545203-11470-17-2631310891,signing_room_1768484545203-11470-17-2631310891-online,online,4,2,2,1,1,185,2
sign,signing_room_1768484545599-11470-18-1329423455,signing_room_1768484545599-11470-18-1329423455-offline,offline,1,1,2,1,1,12797,2
sign,signing_room_1768484545599-11470-18-1329423455,signing_room_1768484545599-11470-18-1329423455-offline,offline,1,2,1,2,1,12660,2
sign,signing_room_1768484545599-11470-18-1329423455,signing_room_1768484545599-11470-18-1329423455-offline,offline,2,3,1,2,0,5773,2
sign,signing_room_1768484545599-11470-18-1329423455,signing_room_1768484545599-11470-18-1329423455-offline,offline,2,4,2,1,0,5778,2
sign,signing_room_1768484545599-11470-18-1329423455,signing_room_1768484545599-11470-18-1329423455-offline,offline,3,5,2,1,1,1246,2
sign,signing_room_1768484545599-11470-18-1329423455,signing_room_1768484545599-11470-18-1329423455-offline,offline,3,6,1,2,1,1261,2
sign,signing_room_1768484545599-11470-18-1329423455,signing_room_1768484545599-11470-18-1329423455-offline,offline,4,7,2,1,1,339,2
sign,signing_room_1768484545599-11470-18-1329423455,signing_room_1768484545599-11470-18-1329423455-offline,offline,5,8,1,2,1,340,2
sign,signing_room_1768484545599-11470-18-1329423455,signing_room_1768484545599-11470-18-1329423455-offline,offline,5,9,2,1,1,6571,2
sign,signing_room_1768484545599-11470-18-1329423455,signing_room_1768484545599-11470-18-1329423455-offline,offline,6,10,1,2,1,6584,2
sign,signing_room_1768484545599-11470-18-1329423455,signing_room_1768484545599-11470-18-1329423455-offline,offline,6,11,1,2,1,815,2
sign,signing_room_1768484545599-11470-18-1329423455,signing_room_1768484545599-11470-18-1329423455-offline,offline,7,12,2,1,1,807,2
sign,signing_room_1768484545599-11470-18-1329423455,signing_room_1768484545599-11470-18-1329423455-online,online,1,1,2,1,1,180,2
sign,signing_room_1768484545599-11470-18-1329423455,signing_room_1768484545599-11470-18-1329423455-online,online,4,2,1,2,1,183,2
sign,signing_room_1768484545996-11470-19-2081913484,signing_room_1768484545996-11470-19-2081913484-offline,offline,1,1,2,1,1,12681,2
sign,signing_room_1768484545996-11470-19-2081913484,signing_room_1768484545996-11470-19-2081913484-offline,offline,1,2,1,2,1,12710,2
sign,signing_room_1768484545996-11470-19-2081913484,signing_room_1768484545996-11470-19-2081913484-offline,offline,2,3,2,1,0,5757,2
sign,signing_room_1768484545996-11470-19-2081913484,signing_room_1768484545996-11470-19-2081913484-offline,offline,2,4,1,2,0,5739,2
sign,signing_room_1768484545996-11470-19-2081913484,signing_room_1768484545996-11470-19-2081913484-offline,offline,3,5,1,2,1,1260,2
sign,signing_room_1768484545996-11470-19-2081913484,signing_room_1768484545996-11470-19-2081913484-offline,offline,3,6,2,1,1,1251,2
sign,signing_room_1768484545996-11470-19-2081913484,signing_room_1768484545996-11470-19-2081913484-offline,offline,4,7,1,2,1,337,2
sign,signing_room_1768484545996-11470-19-2081913484,signing_room_1768484545996-11470-19-2081913484-offline,offline,5,8,2,1,1,328,2
sign,signing_room_1768484545996-11470-19-2081913484,signing_room_1768484545996-11470-19-2081913484-offline,offline,5,9,1,2,1,6542,2
sign,signing_room_1768484545996-11470-19-2081913484,signing_room_1768484545996-11470-19-2081913484-offline,offline,6,10,2,1,1,6601,2
sign,signing_room_1768484545996-11470-19-2081913484,signing_room_1768484545996-11470-19-2081913484-offline,offline,6,11,2,1,1,808,2
sign,signing_room_1768484545996-11470-19-2081913484,signing_room_1768484545996-11470-19-2081913484-offline,offline,7,12,1,2,1,824,2
sign,signing_room_1768484545996-11470-19-2081913484,signing_room_1768484545996-11470-19-2081913484-online,online,1,1,1,2,1,180,2
sign,signing_room_1768484545996-11470-19-2081913484,signing_room_1768484545996-11470-19-2081913484-online,online,4,2,2,1,1,182,2
sign,signing_room_1768484546391-11470-20-3056016612,signing_room_1768484546391-11470-20-3056016612-offline,offline,1,1,2,1,1,12688,2
sign,signing_room_1768484546391-11470-20-3056016612,signing_room_1768484546391-11470-20-3056016612-offline,offline,1,2,1,2,1,12775,2
sign,signing_room_1768484546391-11470-20-3056016612,signing_room_1768484546391-11470-20-3056016612-offline,offline,2,3,2,1,0,5769,2
sign,signing_room_1768484546391-11470-20-3056016612,signing_room_1768484546391-11470-20-3056016612-offline,offline,2,4,1,2,0,5742,2
sign,signing_room_1768484546391-11470-20-3056016612,signing_room_1768484546391-11470-20-3056016612-offline,offline,3,5,2,1,1,1252,2
sign,signing_room_1768484546391-11470-20-3056016612,signing_room_1768484546391-11470-20-3056016612-offline,offline,3,6,1,2,1,1266,2
sign,signing_room_1768484546391-11470-20-3056016612,signing_room_1768484546391-11470-20-3056016612-offline,offline,4,7,2,1,1,335,2
sign,signing_room_1768484546391-11470-20-3056016612,signing_room_1768484546391-11470-20-3056016612-offline,offline,5,8,1,2,1,339,2
sign,signing_room_1768484546391-11470-20-3056016612,signing_room_1768484546391-11470-20-3056016612-offline,offline,5,9,2,1,1,6573,2
sign,signing_room_1768484546391-11470-20-3056016612,signing_room_1768484546391-11470-20-3056016612-offline,offline,6,10,1,2,1,6561,2
sign,signing_room_1768484546391-11470-20-3056016612,signing_room_1768484546391-11470-20-3056016612-offline,offline,6,11,2,1,1,806,2
sign,signing_room_1768484546391-11470-20-3056016612,signing_room_1768484546391-11470-20-3056016612-offline,offline,7,12,1,2,1,807,2
sign,signing_room_1768484546391-11470-20-3056016612,signing_room_1768484546391-11470-20-3056016612-online,online,1,1,2,1,1,178,2
sign,signing_room_1768484546391-11470-20-3056016612,signing_room_1768484546391-11470-20-3056016612-online,online,4,2,1,2,1,183,2
