iter,ts_ms,endpoint,http_code,latency_ms,request_index
1,1768484538806,sign,200,183,1768484538805-11470-1-122222128
2,1768484539203,sign,200,182,1768484539202-11470-2-259198090
3,1768484539601,sign,200,178,1768484539600-11470-3-303525803
4,1768484539993,sign,200,182,1768484539992-11470-4-194486548
5,1768484540388,sign,200,192,1768484540387-11470-5-1970512245
6,1768484540795,sign,200,182,1768484540794-11470-6-298189759
7,1768484541192,sign,200,187,1768484541190-11470-7-1784418833
8,1768484541593,sign,200,180,1768484541592-11470-8-1173417987
9,1768484541986,sign,200,188,1768484541985-11470-9-553418153
10,1768484542387,sign,200,198,1768484542386-11470-10-56654420
11,1768484542799,sign,200,186,1768484542798-11470-11-1522229094
12,1768484543199,sign,200,189,1768484543198-11470-12-733510648
13,1768484543601,sign,200,190,1768484543600-11470-13-307278573
14,1768484544005,sign,200,187,1768484544004-11470-14-274845783
15,1768484544407,sign,200,182,1768484544406-11470-15-306935833
16,1768484544804,sign,200,183,1768484544802-11470-16-1333128384
17,1768484545204,sign,200,182,1768484545203-11470-17-2631310891
18,1768484545600,sign,200,183,1768484545599-11470-18-1329423455
19,1768484545997,sign,200,181,1768484545996-11470-19-2081913484
20,1768484546392,sign,200,181,1768484546391-11470-20-3056016612
